stage,arm,protocol,fold,fold_day,seed,accuracy,macro_f1,balanced_accuracy,macro_auroc,precision_c0,precision_c1,precision_c2,precision_c3,precision_c4,recall_c0,recall_c1,recall_c2,recall_c3,recall_c4,f1_c0,f1_c1,f1_c2,f1_c3,f1_c4,confusion_matrix,n_test_windows,n_test_missions,n_train_windows,n_val_windows,window_ids_sha1,n_params,best_epoch,best_val_macro_f1,train_seconds,probs_file,gate_check,finished_at
0,FUSED_D,standard,0,original v24 split,42,0.9079754601226994,0.9014428634096197,0.8939724876561621,0.992763216249706,1.0,0.9683544303797469,0.945054945054945,0.7434782608695653,0.9516129032258065,0.9906542056074766,0.9807692307692307,0.7962962962962963,0.9553072625698324,0.7468354430379747,0.9953051643192489,0.9745222929936306,0.864321608040201,0.8361858190709046,0.8368794326241135,"[[212, 2, 0, 0, 0], [0, 153, 2, 1, 0], [0, 2, 86, 19, 1], [0, 0, 3, 171, 5], [0, 1, 0, 39, 118]]",815,,,,,,15,0.927039,105.9,,PASS,2026-09-28 12:16:48
A,A1,day_out,0,2021-12-22,42,0.8521594684385382,0.8540678517156998,0.8599046581115642,0.9759134308710447,0.9298245614035088,0.984251968503937,0.8050847457627118,0.7563025210084033,0.782258064516129,1.0,0.9328358208955224,0.8636363636363636,0.6521739130434783,0.8508771929824561,0.9636363636363636,0.9578544061302682,0.8333333333333334,0.7003891050583657,0.8151260504201681,"[[106, 0, 0, 0, 0], [8, 125, 1, 0, 0], [0, 1, 95, 14, 0], [0, 1, 20, 90, 27], [0, 0, 2, 15, 97]]",602,10,3910,726,ce9a65a091fe04a4,1012358,17,0.892914,217.4,/kaggle/working/v28_test_probs/A1_day_out_0_42.npz,,2026-09-28 12:21:33
A,A2,day_out,0,2021-12-22,42,0.8205980066445183,0.8251312467856133,0.8258486928003299,0.9671308239921655,0.9130434782608695,0.9838709677419355,0.8645833333333334,0.6666666666666666,0.7131782945736435,0.9905660377358491,0.9104477611940298,0.7545454545454545,0.6666666666666666,0.8070175438596491,0.9502262443438914,0.9457364341085271,0.8058252427184466,0.6666666666666666,0.757201646090535,"[[105, 1, 0, 0, 0], [10, 122, 0, 1, 1], [0, 1, 83, 26, 0], [0, 0, 10, 92, 36], [0, 0, 3, 19, 92]]",602,10,3910,726,ce9a65a091fe04a4,1008262,18,0.872632,215.4,/kaggle/working/v28_test_probs/A2_day_out_0_42.npz,,2026-09-28 12:25:39
A,S1,day_out,0,2021-12-22,42,0.867109634551495,0.8679880599312719,0.8611891240696871,0.9836293821291473,0.9298245614035088,0.9924242424242424,0.961038961038961,0.6701570680628273,0.9431818181818182,1.0,0.9776119402985075,0.6727272727272727,0.927536231884058,0.7280701754385965,0.9636363636363636,0.9849624060150376,0.7914438502673797,0.7781155015197568,0.8217821782178217,"[[106, 0, 0, 0, 0], [2, 131, 1, 0, 0], [1, 0, 74, 34, 1], [4, 0, 2, 128, 4], [1, 1, 0, 29, 83]]",602,10,3910,726,ce9a65a091fe04a4,977350,16,0.905863,106.9,/kaggle/working/v28_test_probs/S1_day_out_0_42.npz,,2026-09-28 12:27:56
A,S2,day_out,0,2021-12-22,42,0.8538205980066446,0.8508586279547918,0.8469621106036284,0.9800444406428473,0.9380530973451328,1.0,0.9354838709677419,0.6479591836734694,0.9215686274509803,1.0,0.9626865671641791,0.5272727272727272,0.9202898550724637,0.8245614035087719,0.9680365296803652,0.9809885931558935,0.6744186046511628,0.7604790419161677,0.8703703703703703,"[[106, 0, 0, 0, 0], [2, 129, 3, 0, 0], [1, 0, 58, 50, 1], [4, 0, 0, 127, 7], [0, 0, 1, 19, 94]]",602,10,3910,726,ce9a65a091fe04a4,977350,14,0.908035,226.6,/kaggle/working/v28_test_probs/S2_day_out_0_42.npz,,2026-09-28 12:32:24
A,A1,day_out,1,2021-12-31,42,0.6914893617021277,0.7005678308124498,0.6957885710499322,0.9168012861591388,0.9973333333333333,0.8548895899053628,0.4340909090909091,0.49222797927461137,0.9277566539923955,1.0,0.6642156862745098,0.5987460815047022,0.6737588652482269,0.5422222222222223,0.9986648865153538,0.7475862068965518,0.5032938076416338,0.5688622754491018,0.6844319775596073,"[[374, 0, 0, 0, 0], [1, 271, 120, 12, 4], [0, 44, 191, 80, 4], [0, 1, 126, 285, 11], [0, 1, 3, 202, 244]]",1974,36,2706,558,4e0e9a3a292fe93a,1012358,9,0.74538,177.6,/kaggle/working/v28_test_probs/A1_day_out_1_42.npz,,2026-09-28 12:36:17
A,A2,day_out,1,2021-12-31,42,0.7031408308004052,0.7159954900473411,0.7135548223157735,0.9265954460177355,1.0,0.9688581314878892,0.4630738522954092,0.4869109947643979,0.9414225941422594,0.9946524064171123,0.6862745098039216,0.7272727272727273,0.6595744680851063,0.5,0.9973190348525469,0.8034433285509326,0.5658536585365853,0.5602409638554217,0.6531204644412192,"[[372, 1, 0, 1, 0], [0, 280, 119, 5, 4], [0, 8, 232, 75, 4], [0, 0, 138, 279, 6], [0, 0, 12, 213, 225]]",1974,36,2706,558,4e0e9a3a292fe93a,1008262,18,0.755445,107.0,/kaggle/working/v28_test_probs/A2_day_out_1_42.npz,,2026-09-28 12:39:05
A,S1,day_out,1,2021-12-31,42,0.8206686930091185,0.8186981768459922,0.822030731116787,0.9632059884626715,0.9144254278728606,0.985663082437276,0.6527415143603134,0.7298969072164948,0.8779904306220095,1.0,0.6740196078431373,0.7836990595611285,0.8368794326241135,0.8155555555555556,0.9553001277139208,0.8005822416302766,0.7122507122507122,0.7797356828193832,0.8456221198156681,"[[374, 0, 0, 0, 0], [10, 275, 123, 0, 0], [5, 2, 250, 62, 0], [9, 0, 9, 354, 51], [11, 2, 1, 69, 367]]",1974,36,2706,558,4e0e9a3a292fe93a,977350,11,0.811579,214.0,/kaggle/working/v28_test_probs/S1_day_out_1_42.npz,,2026-09-28 12:42:59
A,S2,day_out,1,2021-12-31,42,0.7472137791286727,0.7347137539759291,0.7552039819017937,0.9525346571002361,0.9033816425120773,0.9817073170731707,0.49043478260869566,0.8266666666666667,0.7869481765834933,1.0,0.3946078431372549,0.8840125391849529,0.5862884160756501,0.9111111111111111,0.949238578680203,0.5629370629370629,0.6308724832214765,0.686030428769018,0.8444902162718847,"[[374, 0, 0, 0, 0], [13, 161, 234, 0, 0], [5, 0, 282, 29, 3], [9, 2, 56, 248, 108], [13, 1, 3, 23, 410]]",1974,36,2706,558,4e0e9a3a292fe93a,977350,2,0.83589,224.2,/kaggle/working/v28_test_probs/S2_day_out_1_42.npz,,2026-09-28 12:47:14
A,A1,day_out,2,2022-01-04,42,0.7545357524012807,0.780218489248867,0.7831527523140902,0.9402847249209472,1.0,0.9732142857142857,0.7777777777777778,0.5321100917431193,0.6840277777777778,1.0,0.9083333333333333,0.5560747663551402,0.5087719298245614,0.9425837320574163,1.0,0.9396551724137931,0.6485013623978202,0.5201793721973094,0.7927565392354124,"[[166, 0, 0, 0, 0], [0, 109, 10, 1, 0], [0, 3, 119, 91, 1], [0, 0, 22, 116, 90], [0, 0, 2, 10, 197]]",937,17,3687,614,da5e2c576d8f45b0,1012358,15,0.638763,192.3,/kaggle/working/v28_test_probs/A1_day_out_2_42.npz,,2026-09-28 12:51:13
A,A2,day_out,2,2022-01-04,42,0.7097118463180363,0.7381288338574763,0.7387062707746426,0.931753759300803,0.9880952380952381,0.9619047619047619,0.7388535031847133,0.48292682926829267,0.6059602649006622,1.0,0.8416666666666667,0.5420560747663551,0.4342105263157895,0.8755980861244019,0.9940119760479041,0.8977777777777778,0.6253369272237197,0.45727482678983833,0.7162426614481409,"[[166, 0, 0, 0, 0], [2, 101, 16, 0, 1], [0, 3, 116, 88, 7], [0, 0, 18, 99, 111], [0, 1, 7, 18, 183]]",937,17,3687,614,da5e2c576d8f45b0,1008262,20,0.824921,106.0,/kaggle/working/v28_test_probs/A2_day_out_2_42.npz,,2026-09-28 12:53:50
A,S1,day_out,2,2022-01-04,42,0.6616862326574173,0.6558226449232325,0.6693945356168671,0.9017778544935118,0.8258706467661692,0.7710843373493976,0.6744186046511628,0.5219512195121951,0.6144200626959248,1.0,0.5333333333333333,0.40654205607476634,0.4692982456140351,0.937799043062201,0.9046321525885559,0.6305418719211823,0.5072886297376094,0.4942263279445728,0.7424242424242424,"[[166, 0, 0, 0, 0], [15, 64, 41, 0, 0], [8, 18, 87, 90, 11], [7, 1, 1, 107, 112], [5, 0, 0, 8, 196]]",937,17,3687,614,da5e2c576d8f45b0,977350,2,0.863146,104.9,/kaggle/working/v28_test_probs/S1_day_out_2_42.npz,,2026-09-28 12:56:05
A,S2,day_out,2,2022-01-04,42,0.663820704375667,0.6581761733534653,0.6690674328131289,0.901581006714555,0.8258706467661692,0.8133333333333334,0.6715328467153284,0.5245098039215687,0.6125,1.0,0.5083333333333333,0.42990654205607476,0.4692982456140351,0.937799043062201,0.9046321525885559,0.6256410256410256,0.5242165242165242,0.49537037037037035,0.7410207939508506,"[[166, 0, 0, 0, 0], [15, 61, 44, 0, 0], [8, 13, 92, 89, 12], [7, 1, 1, 107, 112], [5, 0, 0, 8, 196]]",937,17,3687,614,da5e2c576d8f45b0,977350,2,0.882506,55.9,/kaggle/working/v28_test_probs/S2_day_out_2_42.npz,,2026-09-28 12:57:42
A,A1,day_out,3,2022-01-05,42,0.7962025316455696,0.7679410384106695,0.7765430991392568,0.9523565177158704,1.0,0.9545454545454546,0.527027027027027,0.6333333333333333,0.7926829268292683,0.9934640522875817,0.6837209302325581,0.75,0.5089285714285714,0.9466019417475728,0.9967213114754099,0.7967479674796748,0.6190476190476191,0.5643564356435643,0.8628318584070797,"[[152, 1, 0, 0, 0], [0, 147, 67, 1, 0], [0, 5, 78, 21, 0], [0, 1, 3, 57, 51], [0, 0, 0, 11, 195]]",790,15,3861,587,429ef1a13c6748ad,1012358,14,0.817954,87.4,/kaggle/working/v28_test_probs/A1_day_out_3_42.npz,,2026-09-28 13:00:07
A,A2,day_out,3,2022-01-05,42,0.8075949367088607,0.7668665229999384,0.7710710232359324,0.9583606065787729,0.9743589743589743,0.9623655913978495,0.6033057851239669,0.5108695652173914,0.7957446808510639,0.9934640522875817,0.8325581395348837,0.7019230769230769,0.41964285714285715,0.9077669902912622,0.9838187702265372,0.8927680798004988,0.6488888888888888,0.46078431372549017,0.8480725623582767,"[[152, 0, 0, 1, 0], [2, 179, 31, 3, 0], [0, 5, 73, 25, 1], [1, 1, 16, 47, 47], [1, 1, 1, 16, 187]]",790,15,3861,587,429ef1a13c6748ad,1008262,17,0.823834,208.3,/kaggle/working/v28_test_probs/A2_day_out_3_42.npz,,2026-09-28 13:04:36
A,S1,day_out,3,2022-01-05,42,0.8784810126582279,0.8498932941645894,0.8404543232788887,0.9730444833390471,0.9216867469879518,0.9155555555555556,0.9560439560439561,0.9090909090909091,0.782608695652174,1.0,0.958139534883721,0.8365384615384616,0.44642857142857145,0.9611650485436893,0.9592476489028213,0.9363636363636364,0.8923076923076924,0.5988023952095808,0.8627450980392157,"[[153, 0, 0, 0, 0], [9, 206, 0, 0, 0], [4, 12, 87, 1, 0], [0, 3, 4, 50, 55], [0, 4, 0, 4, 198]]",790,15,3861,587,429ef1a13c6748ad,977350,9,0.922934,108.4,/kaggle/working/v28_test_probs/S1_day_out_3_42.npz,,2026-09-28 13:07:05
A,S2,day_out,3,2022-01-05,42,0.8772151898734177,0.8425629176978573,0.8351499606737809,0.9720911974844896,0.9216867469879518,0.920704845814978,0.9247311827956989,0.9387755102040817,0.7803921568627451,1.0,0.9720930232558139,0.8269230769230769,0.4107142857142857,0.9660194174757282,0.9592476489028213,0.9457013574660633,0.8730964467005076,0.5714285714285714,0.8633405639913232,"[[153, 0, 0, 0, 0], [6, 209, 0, 0, 0], [4, 14, 86, 0, 0], [2, 1, 7, 46, 56], [1, 3, 0, 3, 199]]",790,15,3861,587,429ef1a13c6748ad,977350,8,0.929188,56.0,/kaggle/working/v28_test_probs/S2_day_out_3_42.npz,,2026-09-28 13:08:42
A,A1,day_out,4,2022-01-10,42,0.7294117647058823,0.7190713882293907,0.772765890497168,0.9422976168672195,0.9878048780487805,0.5613577023498695,0.6440677966101694,0.9515151515151515,0.6707317073170732,1.0,0.9907834101382489,0.16740088105726872,0.7235023041474654,0.9821428571428571,0.9938650306748467,0.7166666666666667,0.26573426573426573,0.8219895287958116,0.7971014492753623,"[[162, 0, 0, 0, 0], [2, 215, 0, 0, 0], [0, 164, 38, 7, 18], [0, 3, 21, 157, 36], [0, 1, 0, 1, 110]]",935,17,3684,619,eccbdf3552528024,1012358,14,0.790152,45.6,/kaggle/working/v28_test_probs/A1_day_out_4_42.npz,,2026-09-28 13:09:54
A,A2,day_out,4,2022-01-10,42,0.7475935828877005,0.7408500050500216,0.7876400101353918,0.9632934678112338,0.99375,0.6973684210526315,0.8850574712643678,0.7473118279569892,0.5656565656565656,0.9814814814814815,0.9769585253456221,0.3392070484581498,0.6405529953917051,1.0,0.9875776397515528,0.8138195777351248,0.49044585987261147,0.6898263027295285,0.7225806451612903,"[[159, 0, 0, 1, 2], [1, 212, 3, 0, 1], [0, 90, 77, 46, 14], [0, 2, 7, 139, 69], [0, 0, 0, 0, 112]]",935,17,3684,619,eccbdf3552528024,1008262,11,0.770903,45.4,/kaggle/working/v28_test_probs/A2_day_out_4_42.npz,,2026-09-28 13:10:40
A,S1,day_out,4,2022-01-10,42,0.7037433155080214,0.7017724190826401,0.703139527802026,0.9461096919919493,0.8756756756756757,0.7323943661971831,0.5373134328358209,0.6222222222222222,0.9523809523809523,1.0,0.9585253456221198,0.6343612334801763,0.3870967741935484,0.5357142857142857,0.9337175792507204,0.8303393213572854,0.5818181818181818,0.4772727272727273,0.6857142857142857,"[[162, 0, 0, 0, 0], [8, 208, 1, 0, 0], [5, 76, 144, 2, 0], [7, 0, 123, 84, 3], [3, 0, 0, 49, 60]]",935,17,3684,619,eccbdf3552528024,977350,5,0.856653,566.5,/kaggle/working/v28_test_probs/S1_day_out_4_42.npz,,2026-09-28 13:20:06
A,S2,day_out,4,2022-01-10,42,0.8106951871657754,0.817656234733831,0.8179561095434338,0.9676183499095672,0.8901098901098901,0.84,0.6642335766423357,0.8405797101449275,0.967032967032967,1.0,0.967741935483871,0.801762114537445,0.5345622119815668,0.7857142857142857,0.9418604651162791,0.8993576017130621,0.7265469061876247,0.6535211267605634,0.8669950738916257,"[[162, 0, 0, 0, 0], [6, 210, 1, 0, 0], [4, 40, 182, 1, 0], [7, 0, 91, 116, 3], [3, 0, 0, 21, 88]]",935,17,3684,619,eccbdf3552528024,977350,10,0.862051,118.0,/kaggle/working/v28_test_probs/S2_day_out_4_42.npz,,2026-09-28 13:23:45
A,A1,day_out,0,2021-12-22,123,0.8388704318936877,0.8404954044997199,0.847003406102419,0.9693590299930317,0.9906542056074766,0.9779411764705882,0.7380952380952381,0.6929824561403509,0.7899159663865546,1.0,0.9925373134328358,0.8454545454545455,0.572463768115942,0.8245614035087719,0.9953051643192489,0.9851851851851852,0.788135593220339,0.626984126984127,0.8068669527896996,"[[106, 0, 0, 0, 0], [1, 133, 0, 0, 0], [0, 0, 93, 17, 0], [0, 1, 33, 79, 25], [0, 2, 0, 18, 94]]",602,10,3910,726,ce9a65a091fe04a4,1012358,10,0.866763,109.5,/kaggle/working/v28_test_probs/A1_day_out_0_123.npz,,2026-09-28 13:26:05
A,A2,day_out,0,2021-12-22,123,0.7906976744186046,0.7935937167903022,0.7946574181308975,0.9611100293010437,0.8412698412698413,0.9911504424778761,0.7946428571428571,0.6158536585365854,0.7816091954022989,1.0,0.835820895522388,0.8090909090909091,0.7318840579710145,0.5964912280701754,0.9137931034482759,0.9068825910931174,0.8018018018018018,0.6688741721854304,0.6766169154228856,"[[106, 0, 0, 0, 0], [20, 112, 1, 1, 0], [0, 1, 89, 20, 0], [0, 0, 18, 101, 19], [0, 0, 4, 42, 68]]",602,10,3910,726,ce9a65a091fe04a4,1008262,10,0.873822,110.0,/kaggle/working/v28_test_probs/A2_day_out_0_123.npz,,2026-09-28 13:28:26
A,S1,day_out,0,2021-12-22,123,0.8322259136212624,0.8262616648349299,0.8278252796760942,0.9788031905409935,0.905982905982906,0.9849624060150376,0.9811320754716981,0.6256983240223464,0.8333333333333334,1.0,0.9776119402985075,0.4727272727272727,0.8115942028985508,0.8771929824561403,0.9506726457399103,0.9812734082397003,0.6380368098159509,0.7066246056782335,0.8547008547008547,"[[106, 0, 0, 0, 0], [2, 131, 1, 0, 0], [2, 0, 52, 56, 0], [5, 1, 0, 112, 20], [2, 1, 0, 11, 100]]",602,10,3910,726,ce9a65a091fe04a4,977350,11,0.920029,120.6,/kaggle/working/v28_test_probs/S1_day_out_0_123.npz,,2026-09-28 13:30:57
A,S2,day_out,0,2021-12-22,123,0.8289036544850499,0.8186992255898478,0.8238904706755384,0.974624223418757,0.9137931034482759,0.9923664122137404,0.9583333333333334,0.6243093922651933,0.8253968253968254,1.0,0.9701492537313433,0.41818181818181815,0.8188405797101449,0.9122807017543859,0.954954954954955,0.9811320754716981,0.5822784810126582,0.7084639498432602,0.8666666666666667,"[[106, 0, 0, 0, 0], [2, 130, 1, 0, 1], [1, 0, 46, 61, 2], [5, 0, 1, 113, 19], [2, 1, 0, 7, 104]]",602,10,3910,726,ce9a65a091fe04a4,977350,16,0.920834,226.2,/kaggle/working/v28_test_probs/S2_day_out_0_123.npz,,2026-09-28 13:35:14
A,A1,day_out,1,2021-12-31,123,0.704660587639311,0.7176743738686802,0.7157830438518368,0.927973856323461,1.0,0.9205298013245033,0.44344703770197486,0.49676025917926564,0.9436619718309859,0.983957219251337,0.6813725490196079,0.774294670846395,0.5437352245862884,0.5955555555555555,0.9919137466307277,0.7830985915492957,0.5639269406392694,0.5191873589164786,0.7302452316076294,"[[368, 6, 0, 0, 0], [0, 278, 121, 6, 3], [0, 18, 247, 54, 0], [0, 0, 180, 230, 13], [0, 0, 9, 173, 268]]",1974,36,2706,558,4e0e9a3a292fe93a,1012358,9,0.769471,220.0,/kaggle/working/v28_test_probs/A1_day_out_1_123.npz,,2026-09-28 13:39:15
A,A2,day_out,1,2021-12-31,123,0.6803444782168186,0.6904243080691607,0.6909017463051385,0.9206243016993539,0.9973118279569892,0.96,0.48299319727891155,0.4481203007518797,0.8826530612244898,0.9919786096256684,0.7058823529411765,0.6677115987460815,0.7044917257683215,0.3844444444444444,0.9946380697050938,0.8135593220338984,0.5605263157894737,0.5477941176470589,0.5356037151702786,"[[371, 2, 0, 0, 1], [1, 288, 103, 14, 2], [0, 10, 213, 85, 11], [0, 0, 116, 298, 9], [0, 0, 9, 268, 173]]",1974,36,2706,558,4e0e9a3a292fe93a,1008262,19,0.749953,220.3,/kaggle/working/v28_test_probs/A2_day_out_1_123.npz,,2026-09-28 13:43:15
A,S1,day_out,1,2021-12-31,123,0.7695035460992907,0.7562055445782194,0.7687496265141598,0.9498919200154241,0.9012048192771084,1.0,0.5043103448275862,0.7587822014051522,0.8360323886639676,1.0,0.4264705882352941,0.7335423197492164,0.7659574468085106,0.9177777777777778,0.9480354879594424,0.5979381443298969,0.5977011494252874,0.7623529411764706,0.875,"[[374, 0, 0, 0, 0], [13, 174, 221, 0, 0], [5, 0, 234, 80, 0], [9, 0, 9, 324, 81], [14, 0, 0, 23, 413]]",1974,36,2706,558,4e0e9a3a292fe93a,977350,5,0.843568,115.5,/kaggle/working/v28_test_probs/S1_day_out_1_123.npz,,2026-09-28 13:45:32
A,S2,day_out,1,2021-12-31,123,0.7634245187436677,0.7475257762272987,0.7626545821601279,0.9488404938979507,0.9033816425120773,0.9936708860759493,0.48846960167714887,0.7591743119266054,0.8425357873210634,1.0,0.38480392156862747,0.7304075235109718,0.7825059101654847,0.9155555555555556,0.949238578680203,0.5547703180212014,0.585427135678392,0.770663562281723,0.8775292864749734,"[[374, 0, 0, 0, 0], [13, 157, 238, 0, 0], [5, 0, 233, 81, 0], [9, 0, 6, 331, 77], [13, 1, 0, 24, 412]]",1974,36,2706,558,4e0e9a3a292fe93a,977350,5,0.832155,44.6,/kaggle/working/v28_test_probs/S2_day_out_1_123.npz,,2026-09-28 13:46:16
A,A1,day_out,2,2022-01-04,123,0.7331910352187834,0.7606502918745652,0.7656116484001562,0.9273275632066198,0.9939759036144579,0.990990990990991,0.7655172413793103,0.5148514851485149,0.6293929712460063,0.9939759036144579,0.9166666666666666,0.5186915887850467,0.45614035087719296,0.9425837320574163,0.9939759036144579,0.9523809523809523,0.6183844011142061,0.48372093023255813,0.7547892720306514,"[[165, 0, 0, 0, 1], [1, 110, 8, 1, 0], [0, 1, 111, 89, 13], [0, 0, 22, 104, 102], [0, 0, 4, 8, 197]]",937,17,3687,614,da5e2c576d8f45b0,1012358,19,0.684396,46.3,/kaggle/working/v28_test_probs/A1_day_out_2_123.npz,,2026-09-28 13:47:03
A,A2,day_out,2,2022-01-04,123,0.6969050160085379,0.7192752640951544,0.720503808373951,0.9273682001473211,1.0,0.8598130841121495,0.6766467065868264,0.49523809523809526,0.6202090592334495,1.0,0.7666666666666667,0.5280373831775701,0.45614035087719296,0.8516746411483254,1.0,0.8105726872246696,0.5931758530183727,0.4748858447488584,0.717741935483871,"[[166, 0, 0, 0, 0], [0, 92, 26, 0, 2], [0, 15, 113, 83, 3], [0, 0, 20, 104, 104], [0, 0, 8, 23, 178]]",937,17,3687,614,da5e2c576d8f45b0,1008262,20,0.810603,541.4,/kaggle/working/v28_test_probs/A2_day_out_2_123.npz,,2026-09-28 13:56:04
A,S1,day_out,2,2022-01-04,123,0.6467449306296692,0.6393699558875404,0.6585683196947338,0.8915195271379848,0.8217821782178217,0.6804123711340206,0.6846153846153846,0.5227272727272727,0.5813253012048193,1.0,0.55,0.4158878504672897,0.40350877192982454,0.9234449760765551,0.9021739130434783,0.6082949308755761,0.5174418604651163,0.45544554455445546,0.7134935304990758,"[[166, 0, 0, 0, 0], [16, 66, 38, 0, 0], [8, 29, 89, 73, 15], [7, 2, 3, 92, 124], [5, 0, 0, 11, 193]]",937,17,3687,614,da5e2c576d8f45b0,977350,1,0.895872,119.0,/kaggle/working/v28_test_probs/S1_day_out_2_123.npz,,2026-09-28 14:00:04
A,S2,day_out,2,2022-01-04,123,0.6424759871931697,0.635375209699824,0.6554513389604566,0.8900288240622535,0.8208955223880597,0.6907216494845361,0.6854838709677419,0.5113636363636364,0.5752212389380531,0.9939759036144579,0.5583333333333333,0.397196261682243,0.39473684210526316,0.9330143540669856,0.8991825613079019,0.6175115207373272,0.5029585798816568,0.44554455445544555,0.7116788321167883,"[[165, 1, 0, 0, 0], [16, 67, 37, 0, 0], [8, 27, 85, 77, 17], [7, 2, 2, 90, 127], [5, 0, 0, 9, 195]]",937,17,3687,614,da5e2c576d8f45b0,977350,1,0.891274,117.4,/kaggle/working/v28_test_probs/S2_day_out_2_123.npz,,2026-09-28 14:02:32
A,A1,day_out,3,2022-01-05,123,0.7670886075949367,0.7393734754838145,0.7488149844059756,0.9372218405784917,1.0,0.9781021897810219,0.4444444444444444,0.5446428571428571,0.8085106382978723,1.0,0.6232558139534884,0.6538461538461539,0.5446428571428571,0.9223300970873787,1.0,0.7613636363636364,0.5291828793774319,0.5446428571428571,0.8616780045351474,"[[153, 0, 0, 0, 0], [0, 134, 80, 1, 0], [0, 2, 68, 34, 0], [0, 1, 5, 61, 45], [0, 0, 0, 16, 190]]",790,15,3861,587,429ef1a13c6748ad,1012358,17,0.806963,220.3,/kaggle/working/v28_test_probs/A1_day_out_3_123.npz,,2026-09-28 14:06:43
A,A2,day_out,3,2022-01-05,123,0.8240506329113924,0.7848534421795745,0.7827316026537401,0.9590582645426942,0.9933774834437086,0.9702970297029703,0.7,0.5,0.7829787234042553,0.9803921568627451,0.9116279069767442,0.6730769230769231,0.45535714285714285,0.8932038834951457,0.9868421052631579,0.9400479616306955,0.6862745098039216,0.4766355140186916,0.8344671201814059,"[[150, 2, 1, 0, 0], [1, 196, 15, 3, 0], [0, 3, 70, 30, 1], [0, 0, 11, 51, 50], [0, 1, 3, 18, 184]]",790,15,3861,587,429ef1a13c6748ad,1008262,16,0.832236,110.8,/kaggle/working/v28_test_probs/A2_day_out_3_123.npz,,2026-09-28 14:09:04
A,S1,day_out,3,2022-01-05,123,0.8772151898734177,0.8553629656899602,0.8589749937350977,0.9836800340727964,0.9053254437869822,0.9947089947089947,0.8048780487804879,0.8676470588235294,0.8049792531120332,1.0,0.8744186046511628,0.9519230769230769,0.5267857142857143,0.941747572815534,0.9503105590062112,0.9306930693069307,0.8722466960352423,0.6555555555555556,0.8680089485458613,"[[153, 0, 0, 0, 0], [6, 188, 21, 0, 0], [4, 0, 99, 1, 0], [3, 0, 3, 59, 47], [3, 1, 0, 8, 194]]",790,15,3861,587,429ef1a13c6748ad,977350,8,0.848737,122.0,/kaggle/working/v28_test_probs/S1_day_out_3_123.npz,,2026-09-28 14:11:37
A,S2,day_out,3,2022-01-05,123,0.8645569620253165,0.8414314430329279,0.84596057701612,0.9839475002338233,0.9,0.9781420765027322,0.75,0.90625,0.8040816326530612,1.0,0.8325581395348837,0.9230769230769231,0.5178571428571429,0.9563106796116505,0.9473684210526315,0.8994974874371859,0.8275862068965517,0.6590909090909091,0.8736141906873615,"[[153, 0, 0, 0, 0], [7, 179, 29, 0, 0], [4, 3, 96, 1, 0], [3, 0, 3, 58, 48], [3, 1, 0, 5, 197]]",790,15,3861,587,429ef1a13c6748ad,977350,8,0.851288,171.3,/kaggle/working/v28_test_probs/S2_day_out_3_123.npz,,2026-09-28 14:14:59
A,A1,day_out,4,2022-01-10,123,0.6951871657754011,0.6736161807823544,0.7446187060132397,0.9350620322815422,0.9696969696969697,0.6045845272206304,0.64,0.7988165680473372,0.5544554455445545,0.9876543209876543,0.9723502304147466,0.14096916299559473,0.6221198156682027,1.0,0.9785932721712538,0.7455830388692579,0.23104693140794225,0.6994818652849741,0.7133757961783439,"[[160, 0, 0, 0, 2], [3, 211, 3, 0, 0], [2, 135, 32, 34, 24], [0, 3, 15, 135, 64], [0, 0, 0, 0, 112]]",935,17,3684,619,eccbdf3552528024,1012358,11,0.803805,98.7,/kaggle/working/v28_test_probs/A1_day_out_4_123.npz,,2026-09-28 14:17:08
A,A2,day_out,4,2022-01-10,123,0.706951871657754,0.6970310597923064,0.7514978838234486,0.9527171927711917,1.0,0.6294117647058823,0.7469879518072289,0.8467153284671532,0.5092592592592593,0.9814814814814815,0.9861751152073732,0.27312775330396477,0.5345622119815668,0.9821428571428571,0.9906542056074766,0.7684021543985637,0.4,0.655367231638418,0.6707317073170732,"[[159, 0, 1, 0, 2], [0, 214, 3, 0, 0], [0, 125, 62, 21, 19], [0, 1, 15, 116, 85], [0, 0, 2, 0, 110]]",935,17,3684,619,eccbdf3552528024,1008262,12,0.807759,108.4,/kaggle/working/v28_test_probs/A2_day_out_4_123.npz,,2026-09-28 14:19:37
A,S1,day_out,4,2022-01-10,123,0.8331550802139037,0.8445770574421416,0.8477202135650339,0.9731202465156181,0.9,0.8353413654618473,0.6934865900383141,0.9078014184397163,0.9615384615384616,1.0,0.9585253456221198,0.7973568281938326,0.5898617511520737,0.8928571428571429,0.9473684210526315,0.8927038626609443,0.7418032786885246,0.7150837988826816,0.9259259259259259,"[[162, 0, 0, 0, 0], [7, 208, 2, 0, 0], [3, 39, 181, 4, 0], [5, 2, 78, 128, 4], [3, 0, 0, 9, 100]]",935,17,3684,619,eccbdf3552528024,977350,10,0.86792,117.5,/kaggle/working/v28_test_probs/S1_day_out_4_123.npz,,2026-09-28 14:22:05
A,S2,day_out,4,2022-01-10,123,0.8117647058823529,0.8213478996517571,0.8255466006212064,0.966230393606077,0.8901098901098901,0.8530612244897959,0.6416382252559727,0.8888888888888888,0.9795918367346939,1.0,0.9631336405529954,0.8281938325991189,0.4792626728110599,0.8571428571428571,0.9418604651162791,0.9047619047619048,0.7230769230769231,0.6227544910179641,0.9142857142857143,"[[162, 0, 0, 0, 0], [7, 209, 1, 0, 0], [5, 34, 188, 0, 0], [5, 2, 104, 104, 2], [3, 0, 0, 13, 96]]",935,17,3684,619,eccbdf3552528024,977350,12,0.870575,226.7,/kaggle/working/v28_test_probs/S2_day_out_4_123.npz,,2026-09-28 14:26:23
B,A1,standard,0,original v24 split,42,0.838036809815951,0.8250574702152775,0.8235416564671922,0.9619799030413192,0.9907407407407407,0.967948717948718,0.6982758620689655,0.6338028169014085,0.8947368421052632,1.0,0.967948717948718,0.75,0.7541899441340782,0.6455696202531646,0.9953488372093023,0.967948717948718,0.7232142857142857,0.6887755102040817,0.75,"[[214, 0, 0, 0, 0], [2, 151, 3, 0, 0], [0, 5, 81, 22, 0], [0, 0, 32, 135, 12], [0, 0, 0, 56, 102]]",815,15,3737,686,04dc530bd85d723e,1012358,10,0.874981,207.4,/kaggle/working/v28_test_probs/A1_standard_0_42.npz,,2026-09-28 14:30:21
B,A2,standard,0,original v24 split,42,0.8134969325153374,0.7907756404287999,0.7870425667597608,0.9537940481067434,1.0,0.9741935483870968,0.5686274509803921,0.6048780487804878,0.8368794326241135,0.9906542056074766,0.967948717948718,0.5370370370370371,0.6927374301675978,0.7468354430379747,0.9953051643192489,0.9710610932475884,0.5523809523809524,0.6458333333333334,0.7892976588628763,"[[212, 1, 0, 0, 1], [0, 151, 4, 0, 1], [0, 3, 58, 47, 0], [0, 0, 34, 124, 21], [0, 0, 6, 34, 118]]",815,15,3737,686,04dc530bd85d723e,1008262,12,0.816861,98.0,/kaggle/working/v28_test_probs/A2_standard_0_42.npz,,2026-09-28 14:32:40
B,S1,standard,0,original v24 split,42,0.9153374233128835,0.9057630733769466,0.8985767980641045,0.9916270528168567,0.981651376146789,0.9683544303797469,0.9195402298850575,0.7836538461538461,0.9444444444444444,1.0,0.9807692307692307,0.7407407407407407,0.9106145251396648,0.8607594936708861,0.9907407407407407,0.9745222929936306,0.8205128205128205,0.8423772609819121,0.9006622516556292,"[[214, 0, 0, 0, 0], [1, 153, 2, 0, 0], [0, 3, 80, 25, 0], [3, 1, 4, 163, 8], [0, 1, 1, 20, 136]]",815,15,3737,686,04dc530bd85d723e,977350,17,0.891161,205.5,/kaggle/working/v28_test_probs/S1_standard_0_42.npz,,2026-09-28 14:36:46
B,S2,standard,0,original v24 split,42,0.9104294478527607,0.9014633743587284,0.893678239771161,0.9906761445236695,0.981651376146789,0.9333333333333333,0.963855421686747,0.782608695652174,0.9295774647887324,1.0,0.9871794871794872,0.7407407407407407,0.9050279329608939,0.8354430379746836,0.9907407407407407,0.9595015576323987,0.837696335078534,0.8393782383419689,0.88,"[[214, 0, 0, 0, 0], [1, 154, 1, 0, 0], [0, 6, 80, 22, 0], [3, 2, 2, 162, 10], [0, 3, 0, 23, 132]]",815,15,3737,686,04dc530bd85d723e,977350,17,0.901861,117.2,/kaggle/working/v28_test_probs/S2_standard_0_42.npz,,2026-09-28 14:39:34
B,A1,standard,0,original v24 split,123,0.8220858895705522,0.8043811597192082,0.8104519527414246,0.9656385174527762,0.9953271028037384,0.927710843373494,0.6171875,0.656441717791411,0.8125,0.9953271028037384,0.9871794871794872,0.7314814814814815,0.5977653631284916,0.740506329113924,0.9953271028037384,0.9565217391304348,0.6694915254237288,0.6257309941520468,0.7748344370860927,"[[213, 0, 0, 0, 1], [0, 154, 2, 0, 0], [1, 12, 79, 16, 0], [0, 0, 46, 107, 26], [0, 0, 1, 40, 117]]",815,15,3737,686,04dc530bd85d723e,1012358,13,0.888345,107.2,/kaggle/working/v28_test_probs/A1_standard_0_123.npz,,2026-09-28 14:41:52
B,A2,standard,0,original v24 split,123,0.8269938650306748,0.8060617301231676,0.8045234889574641,0.9601667678197122,1.0,0.9390243902439024,0.6372549019607843,0.6464646464646465,0.8273381294964028,0.9906542056074766,0.9871794871794872,0.6018518518518519,0.7150837988826816,0.7278481012658228,0.9953051643192489,0.9625,0.6190476190476191,0.6790450928381963,0.7744107744107744,"[[212, 1, 0, 0, 1], [0, 154, 2, 0, 0], [0, 9, 65, 33, 1], [0, 0, 29, 128, 22], [0, 0, 6, 37, 115]]",815,15,3737,686,04dc530bd85d723e,1008262,17,0.847544,107.1,/kaggle/working/v28_test_probs/A2_standard_0_123.npz,,2026-09-28 14:44:09
B,S1,standard,0,original v24 split,123,0.8969325153374234,0.8900989810151501,0.8843753674788175,0.9866187184131372,1.0,0.8595505617977528,0.963855421686747,0.7864077669902912,0.918918918918919,0.9345794392523364,0.9807692307692307,0.7407407407407407,0.9050279329608939,0.8607594936708861,0.966183574879227,0.9161676646706587,0.837696335078534,0.8415584415584415,0.8888888888888888,"[[200, 14, 0, 0, 0], [0, 153, 3, 0, 0], [0, 3, 80, 25, 0], [0, 5, 0, 162, 12], [0, 3, 0, 19, 136]]",815,15,3737,686,04dc530bd85d723e,977350,9,0.924947,136.7,/kaggle/working/v28_test_probs/S1_standard_0_123.npz,,2026-09-28 14:46:57
B,S2,standard,0,original v24 split,123,0.9006134969325154,0.8904854886912149,0.8834144449398563,0.9867921422358042,0.9636363636363636,0.9551282051282052,0.927710843373494,0.7868020304568528,0.8867924528301887,0.9906542056074766,0.9551282051282052,0.7129629629629629,0.8659217877094972,0.8924050632911392,0.9769585253456221,0.9551282051282052,0.806282722513089,0.824468085106383,0.889589905362776,"[[212, 2, 0, 0, 0], [2, 149, 5, 0, 0], [2, 1, 77, 28, 0], [4, 1, 1, 155, 18], [0, 3, 0, 14, 141]]",815,15,3737,686,04dc530bd85d723e,977350,9,0.912072,119.4,/kaggle/working/v28_test_probs/S2_standard_0_123.npz,,2026-09-28 14:49:37
B,A1,standard,0,original v24 split,2024,0.8466257668711656,0.8308842414049359,0.8261777547294837,0.9711930224781937,1.0,0.968944099378882,0.7171717171717171,0.6359447004608295,0.8951612903225806,1.0,1.0,0.6574074074074074,0.770949720670391,0.7025316455696202,1.0,0.9842271293375394,0.6859903381642513,0.696969696969697,0.7872340425531915,"[[214, 0, 0, 0, 0], [0, 156, 0, 0, 0], [0, 4, 71, 33, 0], [0, 0, 28, 138, 13], [0, 1, 0, 46, 111]]",815,15,3737,686,04dc530bd85d723e,1012358,13,0.898024,218.8,/kaggle/working/v28_test_probs/A1_standard_0_2024.npz,,2026-09-28 14:53:46
B,A2,standard,0,original v24 split,2024,0.8122699386503067,0.7924699065597626,0.7900194634641167,0.9579276714434639,1.0,0.949685534591195,0.6,0.6105769230769231,0.8412698412698413,0.9906542056074766,0.967948717948718,0.6111111111111112,0.7094972067039106,0.6708860759493671,0.9953051643192489,0.9587301587301588,0.6055045871559633,0.6563307493540051,0.7464788732394366,"[[212, 1, 0, 0, 1], [0, 151, 4, 0, 1], [0, 6, 66, 36, 0], [0, 0, 34, 127, 18], [0, 1, 6, 45, 106]]",815,15,3737,686,04dc530bd85d723e,1008262,20,0.808043,108.9,/kaggle/working/v28_test_probs/A2_standard_0_2024.npz,,2026-09-28 14:56:06
B,S1,standard,0,original v24 split,2024,0.9141104294478528,0.9076195398636122,0.8997549104047937,0.990256793621796,0.9553571428571429,0.9868421052631579,0.9438202247191011,0.7941176470588235,0.9246575342465754,1.0,0.9615384615384616,0.7777777777777778,0.9050279329608939,0.8544303797468354,0.9771689497716894,0.974025974025974,0.8527918781725888,0.8459530026109661,0.8881578947368421,"[[214, 0, 0, 0, 0], [2, 150, 4, 0, 0], [3, 0, 84, 21, 0], [4, 1, 1, 162, 11], [1, 1, 0, 21, 135]]",815,15,3737,686,04dc530bd85d723e,977350,15,0.899891,227.1,/kaggle/working/v28_test_probs/S1_standard_0_2024.npz,,2026-09-28 15:00:23
B,S2,standard,0,original v24 split,2024,0.912883435582822,0.9033532216513969,0.8957316634602541,0.9908299434897406,0.9553571428571429,0.9741935483870968,0.9512195121951219,0.8092783505154639,0.9,1.0,0.967948717948718,0.7222222222222222,0.8770949720670391,0.9113924050632911,0.9771689497716894,0.9710610932475884,0.8210526315789474,0.8418230563002681,0.9056603773584906,"[[214, 0, 0, 0, 0], [2, 151, 3, 0, 0], [3, 1, 78, 26, 0], [4, 1, 1, 157, 16], [1, 2, 0, 11, 144]]",815,15,3737,686,04dc530bd85d723e,977350,18,0.902435,218.0,/kaggle/working/v28_test_probs/S2_standard_0_2024.npz,,2026-09-28 15:04:32
