model,fold,fold_day,seed,n_train_windows,n_val_windows,n_test_windows,win_accuracy,win_macro_f1,win_balanced_accuracy,win_macro_auroc,mis_accuracy,mis_macro_f1,mis_balanced_accuracy,mis_macro_auroc,best_epoch,best_val_macro_f1,init_sha1,zstats_sha1,class_weights,n_params,train_seconds,tau_invariant,gamma_as,gamma_sa,attn_a2i_mean,attn_a2i_std,attn_a2i_min,attn_a2i_max,attn_a2i_entropy_norm,attn_a2i_max_over_uniform,attn_a2i_across_window_sd_rel,attn_i2a_mean,attn_i2a_std,attn_i2a_min,attn_i2a_max,attn_i2a_entropy_norm,attn_i2a_max_over_uniform,attn_i2a_across_window_sd_rel,g_a_mean,g_a_std,g_a_min,g_a_max,g_i_mean,g_i_std,g_i_min,g_i_max,gate_effect_mean_abs_dp,gate_effect_argmax_changed,probs_file,checkpoint,finished_at
CA,0,2021-12-22,42,3932,704,602,0.9485049833887044,0.9497386513354893,0.9496026627834407,0.997082796965693,1.0,1.0,1.0,1.0,11,0.932764,f0a180dd29d3,b5726f1a0d498224,"[1.0443999767303467, 0.9916999936103821, 1.045699954032898, 0.972100019454956, 0.9531999826431274]",1693222,117.6,True,0.5209001898765564,0.5224828720092773,0.0078125,0.03350120410323143,6.978191895851138e-13,0.9958789348602295,0.6990665197372437,29.64727210998535,1.928834080696106,0.015625,0.027676602825522423,1.0980021869499978e-07,0.7500153183937073,0.8218525648117065,9.195985794067383,0.9521982669830322,,,,,,,,,,,/kaggle/working/v30_probs/CA_0_42.npz,/kaggle/working/v30_checkpoints/CA_0_42.pt,2026-09-29T12:06:03
CA,0,2021-12-22,123,3932,704,602,0.8986710963455149,0.8988780517376643,0.8944381276475951,0.9913776589074427,1.0,1.0,1.0,1.0,7,0.947906,64288200a7d4,b5726f1a0d498224,"[1.0443999767303467, 0.9916999936103821, 1.045699954032898, 0.972100019454956, 0.9531999826431274]",1693222,119.3,True,0.5158954858779907,0.5414583086967468,0.007812499534338713,0.030057623982429504,1.3063001791380202e-09,0.8964846134185791,0.7012262940406799,26.943105697631836,1.88981294631958,0.015625,0.04924718663096428,1.9565214106800914e-18,0.9997990727424622,0.6768322587013245,17.811006546020508,1.6476449966430664,,,,,,,,,,,/kaggle/working/v30_probs/CA_0_123.npz,/kaggle/working/v30_checkpoints/CA_0_123.pt,2026-09-29T12:08:03
CAG,0,2021-12-22,42,3932,704,602,0.9584717607973422,0.9596261941698276,0.9572259981556746,0.9956538411821434,1.0,1.0,1.0,1.0,17,0.932424,d6845ea87fae,b5726f1a0d498224,"[1.0443999767303467, 0.9916999936103821, 1.045699954032898, 0.972100019454956, 0.9531999826431274]",1726184,121.4,True,0.5410851240158081,0.5198275446891785,0.0078125,0.027606390416622162,1.1340610525309436e-12,0.9988441467285156,0.777622640132904,21.536989212036133,1.4641343355178833,0.015624999068677425,0.020366739481687546,1.4623193237639498e-05,0.6324041485786438,0.8782859444618225,6.693806171417236,0.8368526101112366,0.25328242778778076,0.12472597509622574,0.013974239118397236,0.6616756319999695,0.7467175722122192,0.12472596764564514,0.3383243680000305,0.9860257506370544,0.0015190105186775327,0.0049833887043189366,/kaggle/working/v30_probs/CAG_0_42.npz,/kaggle/working/v30_checkpoints/CAG_0_42.pt,2026-09-29T12:10:05
CAG,0,2021-12-22,123,3932,704,602,0.872093023255814,0.8704417913075886,0.8666247915819281,0.9868025401559832,1.0,1.0,1.0,1.0,4,0.935035,6fff1750d227,b5726f1a0d498224,"[1.0443999767303467, 0.9916999936103821, 1.045699954032898, 0.972100019454956, 0.9531999826431274]",1726184,121.6,True,0.5140701532363892,0.5221838355064392,0.0078125,0.02694651298224926,1.1741255079300572e-08,0.9330669641494751,0.7326764464378357,23.129623413085938,1.714163899421692,0.015625,0.02064918354153633,1.0359908486634595e-07,0.6002690196037292,0.8917503356933594,6.126340866088867,0.8954156637191772,0.6524824500083923,0.402564138174057,0.025016097351908684,0.99081951379776,0.3475174903869629,0.402564138174057,0.009180472232401371,0.9749838709831238,0.007221130654215813,0.018272425249169437,/kaggle/working/v30_probs/CAG_0_123.npz,/kaggle/working/v30_checkpoints/CAG_0_123.pt,2026-09-29T12:12:07
CA,1,2021-12-31,42,2700,564,1974,0.8581560283687943,0.8605016974633012,0.8638846537970443,0.9683062392633925,0.8888888888888888,0.8883333333333334,0.8928571428571429,0.9973214285714285,17,0.991258,f0a180dd29d3,720c42d948aed91e,"[1.1180000305175781, 0.9524000287055969, 0.9944999814033508, 0.9423999786376953, 1.011199951171875]",1693222,86.5,True,0.5198341012001038,0.5295490622520447,0.0078125,0.031204985454678535,6.884031105575117e-13,0.9915648698806763,0.6978713870048523,28.706796646118164,1.8328887224197388,0.015625,0.02141900546848774,2.8832108256438005e-08,0.6192751526832581,0.8764371871948242,6.827524185180664,0.6968337297439575,,,,,,,,,,,/kaggle/working/v30_probs/CA_1_42.npz,/kaggle/working/v30_checkpoints/CA_1_42.pt,2026-09-29T12:13:34
CA,1,2021-12-31,123,2700,564,1974,0.8318135764944276,0.8331497682917428,0.8365181446330727,0.9696846222759261,0.8888888888888888,0.8883333333333334,0.8928571428571429,0.9904365079365081,19,0.987806,64288200a7d4,720c42d948aed91e,"[1.1180000305175781, 0.9524000287055969, 0.9944999814033508, 0.9423999786376953, 1.011199951171875]",1693222,86.4,True,0.5214000940322876,0.5526411533355713,0.0078125,0.029148994013667107,5.218440679577441e-10,0.9805518388748169,0.7070820927619934,26.89642906188965,1.7197494506835938,0.015625,0.02490372210741043,4.102257145088828e-10,0.8499301075935364,0.8569352626800537,7.952573776245117,0.8140899538993835,,,,,,,,,,,/kaggle/working/v30_probs/CA_1_123.npz,/kaggle/working/v30_checkpoints/CA_1_123.pt,2026-09-29T12:15:01
CAG,1,2021-12-31,42,2700,564,1974,0.8546099290780141,0.8567586399974578,0.8614891838413483,0.9648162248198906,0.8888888888888888,0.8883333333333334,0.8928571428571429,0.9955357142857142,16,0.989584,d6845ea87fae,720c42d948aed91e,"[1.1180000305175781, 0.9524000287055969, 0.9944999814033508, 0.9423999786376953, 1.011199951171875]",1726184,88.0,True,0.5341084599494934,0.5160127878189087,0.0078125,0.023794490844011307,1.4761672439966844e-10,0.9817963242530823,0.7882649898529053,19.826261520385742,1.402787446975708,0.015625,0.019945111125707626,4.407600499689579e-06,0.5609235167503357,0.88407963514328,6.711130142211914,0.8442397713661194,0.18236461281776428,0.12611107528209686,0.028596144169569016,0.47308477759361267,0.8176353573799133,0.12611107528209686,0.5269151926040649,0.9714038968086243,0.0007093684980645776,0.0,/kaggle/working/v30_probs/CAG_1_42.npz,/kaggle/working/v30_checkpoints/CAG_1_42.pt,2026-09-29T12:16:29
CAG,1,2021-12-31,123,2700,564,1974,0.8444782168186423,0.844994291723971,0.8502457896473692,0.9713681872726193,0.8888888888888888,0.8883333333333334,0.8928571428571429,0.9957738095238096,19,0.987757,6fff1750d227,720c42d948aed91e,"[1.1180000305175781, 0.9524000287055969, 0.9944999814033508, 0.9423999786376953, 1.011199951171875]",1726184,88.0,True,0.5205320715904236,0.5484617352485657,0.0078125,0.02796895243227482,3.081149224648527e-10,0.9890801310539246,0.7254775762557983,24.740306854248047,1.5989853143692017,0.015625,0.01955445110797882,1.2983953183720587e-06,0.7152442932128906,0.8904430866241455,6.141563892364502,0.6807239055633545,0.5806368589401245,0.34684860706329346,0.0331638902425766,0.9894461035728455,0.4193631708621979,0.34684860706329346,0.010553884319961071,0.9668360352516174,0.0059675597585737705,0.015704154002026342,/kaggle/working/v30_probs/CAG_1_123.npz,/kaggle/working/v30_checkpoints/CAG_1_123.pt,2026-09-29T12:17:57
CA,2,2022-01-04,42,3680,621,937,0.7203842049092849,0.7119206143330656,0.7080314209482925,0.9144946349426444,0.7058823529411765,0.7076190476190476,0.7,0.9615384615384617,20,0.974874,f0a180dd29d3,dd723497b43897b8,"[1.0713000297546387, 0.9327999949455261, 1.1358000040054321, 0.9363999962806702, 0.9557999968528748]",1693222,112.6,True,0.5209495425224304,0.5346737504005432,0.0078125,0.026455475017428398,3.888468158574909e-10,0.9861555695533752,0.7474262714385986,22.917583465576172,1.5879827737808228,0.015625,0.015125715173780918,1.818703232459029e-08,0.6837820410728455,0.9240583181381226,4.935873031616211,0.47260144352912903,,,,,,,,,,,/kaggle/working/v30_probs/CA_2_42.npz,/kaggle/working/v30_checkpoints/CA_2_42.pt,2026-09-29T12:19:50
CA,2,2022-01-04,123,3680,621,937,0.7385272145144077,0.7434680038633257,0.7366027217576652,0.9216272339430477,0.7058823529411765,0.7076190476190476,0.7,0.953846153846154,16,0.977969,64288200a7d4,dd723497b43897b8,"[1.0713000297546387, 0.9327999949455261, 1.1358000040054321, 0.9363999962806702, 0.9557999968528748]",1693222,112.4,True,0.5227577090263367,0.5292417407035828,0.0078125,0.029552623629570007,5.2287334184608625e-11,0.9947760105133057,0.7110511064529419,26.56450080871582,1.8007546663284302,0.015625,0.013805530034005642,9.740550922288094e-06,0.4528912305831909,0.9323506951332092,4.506821155548096,0.5102962255477905,,,,,,,,,,,/kaggle/working/v30_probs/CA_2_123.npz,/kaggle/working/v30_checkpoints/CA_2_123.pt,2026-09-29T12:21:43
CAG,2,2022-01-04,42,3680,621,937,0.7150480256136607,0.7162373965491392,0.7116984155375695,0.9180193043536955,0.7058823529411765,0.7076190476190476,0.7,0.953846153846154,14,0.976016,d6845ea87fae,dd723497b43897b8,"[1.0713000297546387, 0.9327999949455261, 1.1358000040054321, 0.9363999962806702, 0.9557999968528748]",1726184,114.5,True,0.5426472425460815,0.5169447064399719,0.007812499534338713,0.022966139018535614,6.672302987897893e-11,0.9966415166854858,0.789361298084259,18.810741424560547,1.3336925506591797,0.015625,0.016392763704061508,9.86065060715191e-05,0.38280731439590454,0.9108022451400757,5.338065147399902,0.6580395102500916,0.31265443563461304,0.1336728036403656,0.03335195034742355,0.5600022673606873,0.687345564365387,0.1336728036403656,0.43999776244163513,0.9666481018066406,0.003211420960724354,0.008537886872998933,/kaggle/working/v30_probs/CAG_2_42.npz,/kaggle/working/v30_checkpoints/CAG_2_42.pt,2026-09-29T12:23:38
CAG,2,2022-01-04,123,3680,621,937,0.7513340448239061,0.7583664399256704,0.7497510769276633,0.9322352227854616,0.7058823529411765,0.7076190476190476,0.7,0.9576923076923076,10,0.97896,6fff1750d227,dd723497b43897b8,"[1.0713000297546387, 0.9327999949455261, 1.1358000040054321, 0.9363999962806702, 0.9557999968528748]",1726184,114.5,True,0.5193873643875122,0.5296995043754578,0.0078125,0.02841019071638584,4.062997938092394e-09,0.9627364873886108,0.7210878133773804,25.56753158569336,1.660546898841858,0.015625,0.019522134214639664,1.1369321327947546e-05,0.5863378643989563,0.8870440125465393,6.620091438293457,0.8143346905708313,0.6634511351585388,0.3340177834033966,0.04133335128426552,0.9879676699638367,0.3365488648414612,0.3340177834033966,0.01203241478651762,0.9586666226387024,0.0032218226697295904,0.0064034151547491995,/kaggle/working/v30_probs/CAG_2_123.npz,/kaggle/working/v30_checkpoints/CAG_2_123.pt,2026-09-29T12:25:33
CA,3,2022-01-05,42,3852,596,790,0.959493670886076,0.9532825218279793,0.9512900364480856,0.9979324218786477,1.0,1.0,1.0,1.0,9,0.892651,f0a180dd29d3,5359d0c5720fd958,"[1.0911999940872192, 1.0096999406814575, 1.0096999406814575, 0.916100025177002, 0.9890000224113464]",1693222,117.0,True,0.5245218276977539,0.5197818279266357,0.0078125,0.0323711633682251,1.6630755800273178e-11,0.9949876070022583,0.7038660049438477,28.983112335205078,1.9640309810638428,0.015625,0.028457913547754288,4.8553811637930266e-08,0.8754106760025024,0.8262762427330017,9.510557174682617,0.9737802743911743,,,,,,,,,,,/kaggle/working/v30_probs/CA_3_42.npz,/kaggle/working/v30_checkpoints/CA_3_42.pt,2026-09-29T12:27:30
CA,3,2022-01-05,123,3852,596,790,0.9683544303797469,0.9644746067347947,0.9707151727252201,0.9983280318549219,1.0,1.0,1.0,1.0,7,0.898766,64288200a7d4,5359d0c5720fd958,"[1.0911999940872192, 1.0096999406814575, 1.0096999406814575, 0.916100025177002, 0.9890000224113464]",1693222,117.2,True,0.5192883610725403,0.517184853553772,0.0078125,0.03066890686750412,1.4103874734772148e-09,0.9958209991455078,0.7088562250137329,27.041048049926758,1.9276258945465088,0.015625,0.0227598175406456,9.90527041722089e-06,0.672633707523346,0.8641188740730286,7.688147068023682,0.9930644035339355,,,,,,,,,,,/kaggle/working/v30_probs/CA_3_123.npz,/kaggle/working/v30_checkpoints/CA_3_123.pt,2026-09-29T12:29:28
CAG,3,2022-01-05,42,3852,596,790,0.9341772151898734,0.9235402513420272,0.9157289803220034,0.9965300713624933,1.0,1.0,1.0,1.0,5,0.89297,d6845ea87fae,5359d0c5720fd958,"[1.0911999940872192, 1.0096999406814575, 1.0096999406814575, 0.916100025177002, 0.9890000224113464]",1726184,118.5,True,0.5292595624923706,0.509672224521637,0.0078125,0.028647800907492638,1.167115293299048e-09,0.9863455891609192,0.7418347001075745,24.645111083984375,1.8106931447982788,0.015625,0.018940698355436325,1.2035272447974421e-05,0.5156762599945068,0.8922226428985596,6.173708438873291,0.9098697900772095,0.035052429884672165,0.039746109396219254,0.0003249993023928255,0.2071898877620697,0.9649475812911987,0.03974611684679985,0.7928100824356079,0.9996750354766846,0.003255399875342846,0.010126582278481013,/kaggle/working/v30_probs/CAG_3_42.npz,/kaggle/working/v30_checkpoints/CAG_3_42.pt,2026-09-29T12:31:27
CAG,3,2022-01-05,123,3852,596,790,0.9569620253164557,0.9514368033174255,0.9571289068799793,0.9966487681827874,1.0,1.0,1.0,1.0,7,0.89873,6fff1750d227,5359d0c5720fd958,"[1.0911999940872192, 1.0096999406814575, 1.0096999406814575, 0.916100025177002, 0.9890000224113464]",1726184,118.5,True,0.5214056968688965,0.5208442211151123,0.0078125,0.028348645195364952,4.96764185342613e-09,0.9802350997924805,0.7483991384506226,23.901660919189453,1.6705830097198486,0.015625,0.01900964230298996,1.3247105925984215e-05,0.513599693775177,0.8922987580299377,6.065240383148193,0.9663408994674683,0.4177789092063904,0.4147874712944031,0.012165305204689503,0.987294614315033,0.5822210907936096,0.4147874712944031,0.012705368921160698,0.9878346920013428,0.003687178483232856,0.007594936708860759,/kaggle/working/v30_probs/CAG_3_123.npz,/kaggle/working/v30_checkpoints/CAG_3_123.pt,2026-09-29T12:33:26
CA,4,2022-01-10,42,3678,625,935,0.8,0.8191145919831591,0.8316292234871412,0.9385536377801433,0.8823529411764706,0.8933333333333333,0.9,0.9846153846153847,11,0.953718,f0a180dd29d3,a9b3c1d3fd502d2b,"[1.0644999742507935, 0.9729999899864197, 1.156599998474121, 0.9394999742507935, 0.9059000015258789]",1693222,112.5,True,0.522662878036499,0.5242353677749634,0.007812499534338713,0.021839478984475136,2.907324103684772e-10,0.9214463233947754,0.8196589946746826,16.818965911865234,1.2350070476531982,0.015625,0.023094575852155685,1.7351135284116026e-07,0.6707934737205505,0.8590630292892456,7.798025131225586,0.7770669460296631,,,,,,,,,,,/kaggle/working/v30_probs/CA_4_42.npz,/kaggle/working/v30_checkpoints/CA_4_42.pt,2026-09-29T12:35:19
CA,4,2022-01-10,123,3678,625,935,0.7935828877005348,0.8127920691262391,0.8270331090715015,0.9324601818433763,0.8235294117647058,0.8254545454545454,0.85,0.9846153846153847,17,0.964643,64288200a7d4,a9b3c1d3fd502d2b,"[1.0644999742507935, 0.9729999899864197, 1.156599998474121, 0.9394999742507935, 0.9059000015258789]",1693222,112.5,True,0.5231531858444214,0.5655534863471985,0.0078125,0.02426336519420147,1.417142236892488e-10,0.9674505591392517,0.7795404195785522,20.456811904907227,1.4724504947662354,0.015625,0.03094058483839035,9.913449228182714e-11,0.9206930994987488,0.8201601505279541,9.770804405212402,0.8860906362533569,,,,,,,,,,,/kaggle/working/v30_probs/CA_4_123.npz,/kaggle/working/v30_checkpoints/CA_4_123.pt,2026-09-29T12:37:11
CAG,4,2022-01-10,42,3678,625,935,0.8010695187165775,0.825648421121247,0.8295484857188471,0.9720623808397695,0.8235294117647058,0.8457142857142858,0.85,0.9846153846153847,10,0.964145,d6845ea87fae,a9b3c1d3fd502d2b,"[1.0644999742507935, 0.9729999899864197, 1.156599998474121, 0.9394999742507935, 0.9059000015258789]",1726184,114.0,True,0.5288989543914795,0.5163836479187012,0.0078125,0.024210970848798752,1.4678583348803897e-10,0.9876819252967834,0.8022299408912659,18.674354553222656,1.3046468496322632,0.015624999068677425,0.019408339634537697,1.0218536772299558e-05,0.7050979733467102,0.884281575679779,6.4004716873168945,0.7982261180877686,0.17353035509586334,0.10088155418634415,0.027300383895635605,0.44748392701148987,0.8264696598052979,0.10088155418634415,0.5525161027908325,0.9726995825767517,0.002820407273247838,0.008556149732620321,/kaggle/working/v30_probs/CAG_4_42.npz,/kaggle/working/v30_checkpoints/CAG_4_42.pt,2026-09-29T12:39:06
CAG,4,2022-01-10,123,3678,625,935,0.7614973262032085,0.7658563102180407,0.8018595586593313,0.9277141614423681,0.7647058823529411,0.7333333333333333,0.8,0.9807692307692306,13,0.962308,6fff1750d227,a9b3c1d3fd502d2b,"[1.0644999742507935, 0.9729999899864197, 1.156599998474121, 0.9394999742507935, 0.9059000015258789]",1726184,113.7,True,0.5209524631500244,0.5539238452911377,0.0078125,0.024280013516545296,1.1318397330484231e-09,0.9909663200378418,0.7890685796737671,19.52837562561035,1.3949569463729858,0.015624999068677425,0.022286828607320786,1.6958344986051088e-06,0.7470957636833191,0.8707024455070496,7.162365436553955,0.7371565699577332,0.5632076859474182,0.29847797751426697,0.05644722655415535,0.9497523903846741,0.436792254447937,0.29847797751426697,0.050247643142938614,0.9435527920722961,0.004336927086114883,0.0106951871657754,/kaggle/working/v30_probs/CAG_4_123.npz,/kaggle/working/v30_checkpoints/CAG_4_123.pt,2026-09-29T12:41:00
