stage,condition_id,num_mamba_blocks,d_state,d_conv,conv_impl,accuracy,macro_f1,balanced_accuracy,macro_auroc,learned_lag_as_mean,train_seconds,mamba_params,mamba_params_per_block,status,non_mamba_init_matches_baseline,rng_matches_baseline,init_matches_v10,learned_lag_as_std,learned_lag_as_ms,learned_lag_sa_mean,best_val_macro_f1,best_epoch,n_test_windows,seed,run_seconds,note,finished_at
P1,baseline,4,16,4,fused,0.9008849557522124,0.8966282623313516,0.8939868230556638,0.9883859290183539,-0.019609,210.7,1753088,438272,computed,,,True,0.067365,-50.2,-0.01705,0.908911,17,1130,42,331.8,reproduces v10 (all 4 metrics within 0.0005),2026-09-24 16:22:34
A,A1,2,16,4,fused,0.9035398230088496,0.8988902340720104,0.8963556957287917,0.9889750415864462,-0.021784,174.9,876544,438272,computed,True,True,,0.069784,-55.77,-0.015612,0.89805,20,1130,42,247.8,,2026-09-24 16:26:42
A,A2,4,16,4,fused,0.9008849557522124,0.8966282623313516,0.8939868230556638,0.9883859290183539,-0.019609,0.0,1753088,438272,reused from P1/baseline (not re-run),,,True,0.067365,-50.2,-0.01705,0.908911,17,1130,42,0.0,default,2026-09-24 16:26:42
A,A3,6,16,4,fused,0.8699115044247787,0.862696116167523,0.8604633688819308,0.9847073856395193,-0.031057,291.1,2629632,438272,computed,True,True,,0.078262,-79.51,-0.006519,0.889311,8,1130,42,344.6,,2026-09-24 16:32:27
B,B1,2,8,4,fused,0.8858407079646018,0.8817298495415278,0.8787738708643811,0.9871549386566884,-0.030373,140.5,851968,425984,computed,True,True,,0.073158,-77.75,-0.024776,0.899704,10,1130,42,253.6,,2026-09-24 16:36:40
B,B2,2,16,4,fused,0.9035398230088496,0.8988902340720104,0.8963556957287917,0.9889750415864462,-0.021784,0.0,876544,438272,reused from A/A1 (not re-run),True,True,,0.069784,-55.77,-0.015612,0.89805,20,1130,42,0.0,default,2026-09-24 16:36:40
B,B3,2,32,4,fused,0.8849557522123894,0.8786450627979517,0.8768115199293709,0.987038556737302,-0.023639,181.4,925696,462848,computed,True,True,,0.077356,-60.52,-0.017566,0.890283,8,1130,42,304.5,,2026-09-24 16:41:45
C,C1,2,16,2,fused,0.9079646017699115,0.9047540152267212,0.9021819456831816,0.9893870482149347,-0.029127,164.6,874496,437248,computed,True,True,,0.068548,-74.56,-0.016191,0.902369,17,1130,42,257.6,,2026-09-24 16:46:02
C,C2,2,16,4,fused,0.9035398230088496,0.8988902340720104,0.8963556957287917,0.9889750415864462,-0.021784,0.0,876544,438272,reused from A/A1 (not re-run),True,True,,0.069784,-55.77,-0.015612,0.89805,20,1130,42,0.0,default,2026-09-24 16:46:02
C,C3,2,16,6,pytorch-forced,0.8743362831858407,0.8693772793900305,0.8647380161845704,0.9863276526887189,-0.029744,153.7,878592,439296,computed,True,True,,0.076678,-76.14,-0.016497,0.894746,8,1130,42,216.7,,2026-09-24 16:49:39
C,C-ctrl,2,16,4,pytorch-forced,0.9035398230088496,0.8988902340720104,0.8963556957287917,0.9889760140842094,-0.021785,153.5,876544,438272,computed,True,True,,0.069783,-55.77,-0.015612,0.89805,20,1130,42,216.6,control (not a candidate),2026-09-24 16:53:16
