protocol,fold,fold_day,seed,accuracy,macro_f1,balanced_accuracy,macro_auroc,class3_recall,class4_recall,err_3to4,err_4to3,recall_c0,recall_c1,recall_c2,recall_c3,recall_c4,confusion_matrix,n_test_missions,n_test_windows,n_train_missions,n_val_missions,n_train_windows,n_val_windows,test_days,test_missions,bins,best_epoch,best_val_macro_f1,init_sha1,rng_sha1,paired_init,tau_invariant,gate_check,train_seconds,finished_at
gate,0,original v24 split,42,0.9079754601226994,0.9014428634096197,0.8939724876561621,0.992763216249706,0.9553072625698324,0.7468354430379747,5,39,0.9906542056074766,0.9807692307692307,0.7962962962962963,0.9553072625698324,0.7468354430379747,"[[212, 2, 0, 0, 0], [0, 153, 2, 1, 0], [0, 2, 86, 19, 1], [0, 0, 3, 171, 5], [0, 1, 0, 39, 118]]",15,815,67,13,3737,686,"[""2021-12-22"", ""2021-12-31"", ""2022-01-04"", ""2022-01-05"", ""2022-01-10""]","[""rosbag2_2021_12_22-09_14_31"", ""rosbag2_2021_12_22-09_43_30"", ""rosbag2_2021_12_31-09_05_59"", ""rosbag2_2021_12_31-10_25_06"", ""rosbag2_2021_12_31-11_49_03"", ""rosbag2_2021_12_31-12_51_36"", ""rosbag2_2021_12_31-13_15_35"", ""rosbag2_2021_12_31-13_23_39"", ""rosbag2_2021_12_31-14_55_15"", ""rosbag2_2022_01_04-10_34_55"", ""rosbag2_2022_01_05-10_18_58"", ""rosbag2_2022_01_10-08_59_08"", ""rosbag2_2022_01_10-09_40_55"", ""rosbag2_2022_01_10-09_53_30"", ""rosbag2_2022_01_10-10_30_32""]","[1, 2, 3, 4, 5, 6, 7, 8, 9, 10, 11, 245, 246, 247, 248, 249, 250, 251, 252, 253, 254, 255, 258, 259, 260, 261, 262, 263, 264, 265, 266, 267, 501, 502, 503, 504, 505, 506, 507, 508, 509, 510, 511, 514, 515, 516, 517, 518, 519, 520, 521, 522, 523, 754, 757, 758, 759, 760, 761, 762, 763, 764, 765, 766]",15,0.927039,5850841e699f,5641b401720d,True,True,PASS,161.1,2026-09-28 09:13:53
day_out,0,2021-12-22,42,0.8554817275747508,0.8567397005936005,0.8535849357332331,0.9810393805469818,0.8043478260869565,0.8859649122807017,26,12,1.0,0.9776119402985075,0.6,0.8043478260869565,0.8859649122807017,"[[106, 0, 0, 0, 0], [0, 131, 1, 0, 2], [0, 0, 66, 42, 2], [0, 1, 0, 111, 26], [0, 0, 1, 12, 101]]",10,602,72,13,3910,726,"[""2021-12-22""]","[""rosbag2_2021_12_22-09_14_31"", ""rosbag2_2021_12_22-09_17_33"", ""rosbag2_2021_12_22-09_21_12"", ""rosbag2_2021_12_22-09_23_49"", ""rosbag2_2021_12_22-09_35_36"", ""rosbag2_2021_12_22-09_37_54"", ""rosbag2_2021_12_22-09_40_31"", ""rosbag2_2021_12_22-09_43_30"", ""rosbag2_2021_12_22-09_48_32"", ""rosbag2_2021_12_22-09_54_38""]","[1, 2, 3, 4, 5, 6, 7, 8, 9, 10, 11, 245, 246, 247, 248, 249, 250, 251, 252, 253, 254, 255, 258, 259, 260, 261, 262, 263, 264, 265, 266, 267, 501, 502, 503, 504, 505, 506, 507, 508, 509, 510, 511, 514, 515, 516, 517, 518, 519, 520, 521, 522, 523, 754, 757, 758, 759, 760, 761, 762, 763, 764, 765, 766]",12,0.944019,5850841e699f,5641b401720d,True,True,,110.1,2026-09-28 09:16:05
day_out,0,2021-12-22,123,0.8887043189368771,0.8912746400264938,0.8872752319120021,0.9819837146363828,0.8478260869565217,0.8596491228070176,19,14,1.0,0.9925373134328358,0.7363636363636363,0.8478260869565217,0.8596491228070176,"[[106, 0, 0, 0, 0], [0, 133, 0, 0, 1], [0, 0, 81, 27, 2], [0, 1, 1, 117, 19], [0, 1, 1, 14, 98]]",10,602,72,13,3910,726,"[""2021-12-22""]","[""rosbag2_2021_12_22-09_14_31"", ""rosbag2_2021_12_22-09_17_33"", ""rosbag2_2021_12_22-09_21_12"", ""rosbag2_2021_12_22-09_23_49"", ""rosbag2_2021_12_22-09_35_36"", ""rosbag2_2021_12_22-09_37_54"", ""rosbag2_2021_12_22-09_40_31"", ""rosbag2_2021_12_22-09_43_30"", ""rosbag2_2021_12_22-09_48_32"", ""rosbag2_2021_12_22-09_54_38""]","[1, 2, 3, 4, 5, 6, 7, 8, 9, 10, 11, 245, 246, 247, 248, 249, 250, 251, 252, 253, 254, 255, 258, 259, 260, 261, 262, 263, 264, 265, 266, 267, 501, 502, 503, 504, 505, 506, 507, 508, 509, 510, 511, 514, 515, 516, 517, 518, 519, 520, 521, 522, 523, 754, 757, 758, 759, 760, 761, 762, 763, 764, 765, 766]",11,0.935715,74be0883c62b,0a4b3be44b18,True,True,,218.6,2026-09-28 09:20:54
day_out,1,2021-12-31,42,0.7933130699088146,0.7869487940210029,0.7886099168718823,0.9521284840806779,0.7706855791962175,0.9266666666666666,92,26,0.9946524064171123,0.5833333333333334,0.6677115987460815,0.7706855791962175,0.9266666666666666,"[[372, 0, 0, 2, 0], [4, 238, 162, 4, 0], [0, 1, 213, 104, 1], [0, 1, 4, 326, 92], [0, 6, 1, 26, 417]]",36,1974,49,10,2706,558,"[""2021-12-31""]","[""rosbag2_2021_12_29-08_57_15"", ""rosbag2_2021_12_31-09_05_59"", ""rosbag2_2021_12_31-09_16_04"", ""rosbag2_2021_12_31-09_18_27"", ""rosbag2_2021_12_31-09_32_54"", ""rosbag2_2021_12_31-10_25_06"", ""rosbag2_2021_12_31-10_28_23"", ""rosbag2_2021_12_31-10_30_26"", ""rosbag2_2021_12_31-10_33_37"", ""rosbag2_2021_12_31-11_49_03"", ""rosbag2_2021_12_31-11_52_05"", ""rosbag2_2021_12_31-11_53_53"", ""rosbag2_2021_12_31-11_56_27"", ""rosbag2_2021_12_31-12_05_31"", ""rosbag2_2021_12_31-12_26_49"", ""rosbag2_2021_12_31-12_29_32"", ""rosbag2_2021_12_31-12_42_59"", ""rosbag2_2021_12_31-12_48_29"", ""rosbag2_2021_12_31-12_51_36"", ""rosbag2_2021_12_31-13_03_17"", ""rosbag2_2021_12_31-13_13_29"", ""rosbag2_2021_12_31-13_15_35"", ""rosbag2_2021_12_31-13_21_19"", ""rosbag2_2021_12_31-13_23_39"", ""rosbag2_2021_12_31-13_26_27"", ""rosbag2_2021_12_31-14_09_20"", ""rosbag2_2021_12_31-14_17_59"", ""rosbag2_2021_12_31-14_20_48"", ""rosbag2_2021_12_31-14_24_01"", ""rosbag2_2021_12_31-14_30_35"", ""rosbag2_2021_12_31-14_34_17"", ""rosbag2_2021_12_31-14_37_15"", ""rosbag2_2021_12_31-14_47_10"", ""rosbag2_2021_12_31-14_51_23"", ""rosbag2_2021_12_31-14_55_15"", ""rosbag2_2021_12_31-14_57_10""]","[1, 2, 3, 4, 5, 6, 7, 8, 9, 10, 11, 245, 246, 247, 248, 249, 250, 251, 252, 253, 254, 255, 258, 259, 260, 261, 262, 263, 264, 265, 266, 267, 501, 502, 503, 504, 505, 506, 507, 508, 509, 510, 511, 514, 515, 516, 517, 518, 519, 520, 521, 522, 523, 754, 757, 758, 759, 760, 761, 762, 763, 764, 765, 766]",6,0.886993,5850841e699f,5641b401720d,True,True,,229.8,2026-09-28 09:25:54
day_out,1,2021-12-31,123,0.8171225937183384,0.8135206566773515,0.813994977176713,0.964018488099758,0.7494089834515366,0.9244444444444444,90,24,0.9919786096256684,0.6862745098039216,0.7178683385579937,0.7494089834515366,0.9244444444444444,"[[371, 3, 0, 0, 0], [0, 280, 126, 2, 0], [0, 7, 229, 83, 0], [0, 7, 9, 317, 90], [0, 4, 6, 24, 416]]",36,1974,49,10,2706,558,"[""2021-12-31""]","[""rosbag2_2021_12_29-08_57_15"", ""rosbag2_2021_12_31-09_05_59"", ""rosbag2_2021_12_31-09_16_04"", ""rosbag2_2021_12_31-09_18_27"", ""rosbag2_2021_12_31-09_32_54"", ""rosbag2_2021_12_31-10_25_06"", ""rosbag2_2021_12_31-10_28_23"", ""rosbag2_2021_12_31-10_30_26"", ""rosbag2_2021_12_31-10_33_37"", ""rosbag2_2021_12_31-11_49_03"", ""rosbag2_2021_12_31-11_52_05"", ""rosbag2_2021_12_31-11_53_53"", ""rosbag2_2021_12_31-11_56_27"", ""rosbag2_2021_12_31-12_05_31"", ""rosbag2_2021_12_31-12_26_49"", ""rosbag2_2021_12_31-12_29_32"", ""rosbag2_2021_12_31-12_42_59"", ""rosbag2_2021_12_31-12_48_29"", ""rosbag2_2021_12_31-12_51_36"", ""rosbag2_2021_12_31-13_03_17"", ""rosbag2_2021_12_31-13_13_29"", ""rosbag2_2021_12_31-13_15_35"", ""rosbag2_2021_12_31-13_21_19"", ""rosbag2_2021_12_31-13_23_39"", ""rosbag2_2021_12_31-13_26_27"", ""rosbag2_2021_12_31-14_09_20"", ""rosbag2_2021_12_31-14_17_59"", ""rosbag2_2021_12_31-14_20_48"", ""rosbag2_2021_12_31-14_24_01"", ""rosbag2_2021_12_31-14_30_35"", ""rosbag2_2021_12_31-14_34_17"", ""rosbag2_2021_12_31-14_37_15"", ""rosbag2_2021_12_31-14_47_10"", ""rosbag2_2021_12_31-14_51_23"", ""rosbag2_2021_12_31-14_55_15"", ""rosbag2_2021_12_31-14_57_10""]","[1, 2, 3, 4, 5, 6, 7, 8, 9, 10, 11, 245, 246, 247, 248, 249, 250, 251, 252, 253, 254, 255, 258, 259, 260, 261, 262, 263, 264, 265, 266, 267, 501, 502, 503, 504, 505, 506, 507, 508, 509, 510, 511, 514, 515, 516, 517, 518, 519, 520, 521, 522, 523, 754, 757, 758, 759, 760, 761, 762, 763, 764, 765, 766]",7,0.918728,74be0883c62b,0a4b3be44b18,True,True,,81.6,2026-09-28 09:28:06
day_out,2,2022-01-04,42,0.7630736392742796,0.7817547730731779,0.788371337157421,0.9546756984504942,0.6228070175438597,0.9521531100478469,84,9,0.9819277108433735,0.9083333333333333,0.4766355140186916,0.6228070175438597,0.9521531100478469,"[[163, 2, 0, 0, 1], [7, 109, 2, 0, 2], [0, 7, 102, 100, 5], [0, 0, 2, 142, 84], [0, 1, 0, 9, 199]]",17,937,67,11,3687,614,"[""2022-01-04""]","[""rosbag2_2022_01_04-10_18_02"", ""rosbag2_2022_01_04-10_23_25"", ""rosbag2_2022_01_04-10_30_46"", ""rosbag2_2022_01_04-10_34_55"", ""rosbag2_2022_01_04-10_38_51"", ""rosbag2_2022_01_04-10_41_06"", ""rosbag2_2022_01_04-10_43_36"", ""rosbag2_2022_01_04-10_45_38"", ""rosbag2_2022_01_04-11_05_45"", ""rosbag2_2022_01_04-11_10_12"", ""rosbag2_2022_01_04-11_12_37"", ""rosbag2_2022_01_04-11_15_00"", ""rosbag2_2022_01_04-11_24_33"", ""rosbag2_2022_01_04-11_26_50"", ""rosbag2_2022_01_04-11_28_43"", ""rosbag2_2022_01_04-11_31_42"", ""rosbag2_2022_01_04-11_33_49""]","[1, 2, 3, 4, 5, 6, 7, 8, 9, 10, 11, 245, 246, 247, 248, 249, 250, 251, 252, 253, 254, 255, 258, 259, 260, 261, 262, 263, 264, 265, 266, 267, 501, 502, 503, 504, 505, 506, 507, 508, 509, 510, 511, 514, 515, 516, 517, 518, 519, 520, 521, 522, 523, 754, 757, 758, 759, 760, 761, 762, 763, 764, 765, 766]",10,0.889634,5850841e699f,5641b401720d,True,True,,212.7,2026-09-28 09:33:41
day_out,2,2022-01-04,123,0.6766275346851655,0.6835661748368189,0.6931140651682435,0.9180084264832761,0.4605263157894737,0.9138755980861244,114,13,0.9759036144578314,0.6666666666666666,0.4485981308411215,0.4605263157894737,0.9138755980861244,"[[162, 4, 0, 0, 0], [3, 80, 37, 0, 0], [0, 21, 96, 86, 11], [0, 7, 2, 105, 114], [0, 5, 0, 13, 191]]",17,937,67,11,3687,614,"[""2022-01-04""]","[""rosbag2_2022_01_04-10_18_02"", ""rosbag2_2022_01_04-10_23_25"", ""rosbag2_2022_01_04-10_30_46"", ""rosbag2_2022_01_04-10_34_55"", ""rosbag2_2022_01_04-10_38_51"", ""rosbag2_2022_01_04-10_41_06"", ""rosbag2_2022_01_04-10_43_36"", ""rosbag2_2022_01_04-10_45_38"", ""rosbag2_2022_01_04-11_05_45"", ""rosbag2_2022_01_04-11_10_12"", ""rosbag2_2022_01_04-11_12_37"", ""rosbag2_2022_01_04-11_15_00"", ""rosbag2_2022_01_04-11_24_33"", ""rosbag2_2022_01_04-11_26_50"", ""rosbag2_2022_01_04-11_28_43"", ""rosbag2_2022_01_04-11_31_42"", ""rosbag2_2022_01_04-11_33_49""]","[1, 2, 3, 4, 5, 6, 7, 8, 9, 10, 11, 245, 246, 247, 248, 249, 250, 251, 252, 253, 254, 255, 258, 259, 260, 261, 262, 263, 264, 265, 266, 267, 501, 502, 503, 504, 505, 506, 507, 508, 509, 510, 511, 514, 515, 516, 517, 518, 519, 520, 521, 522, 523, 754, 757, 758, 759, 760, 761, 762, 763, 764, 765, 766]",1,0.901995,74be0883c62b,0a4b3be44b18,True,True,,103.8,2026-09-28 09:36:55
day_out,3,2022-01-05,42,0.9025316455696203,0.8873552856998248,0.8879758968735036,0.9889785035898889,0.7767857142857143,0.8640776699029126,9,24,1.0,0.9720930232558139,0.8269230769230769,0.7767857142857143,0.8640776699029126,"[[153, 0, 0, 0, 0], [5, 209, 0, 1, 0], [4, 14, 86, 0, 0], [1, 1, 14, 87, 9], [1, 3, 0, 24, 178]]",15,790,69,11,3861,587,"[""2022-01-05""]","[""rosbag2_2022_01_05-08_54_22"", ""rosbag2_2022_01_05-08_59_12"", ""rosbag2_2022_01_05-09_05_02"", ""rosbag2_2022_01_05-09_14_43"", ""rosbag2_2022_01_05-09_17_09"", ""rosbag2_2022_01_05-09_18_58"", ""rosbag2_2022_01_05-09_29_43"", ""rosbag2_2022_01_05-09_33_57"", ""rosbag2_2022_01_05-09_38_01"", ""rosbag2_2022_01_05-09_39_47"", ""rosbag2_2022_01_05-10_11_57"", ""rosbag2_2022_01_05-10_14_29"", ""rosbag2_2022_01_05-10_16_46"", ""rosbag2_2022_01_05-10_18_58"", ""rosbag2_2022_01_05-10_23_31""]","[1, 2, 3, 4, 5, 6, 7, 8, 9, 10, 11, 245, 246, 247, 248, 249, 250, 251, 252, 253, 254, 255, 258, 259, 260, 261, 262, 263, 264, 265, 266, 267, 501, 502, 503, 504, 505, 506, 507, 508, 509, 510, 511, 514, 515, 516, 517, 518, 519, 520, 521, 522, 523, 754, 757, 758, 759, 760, 761, 762, 763, 764, 765, 766]",4,0.931825,5850841e699f,5641b401720d,True,True,,236.7,2026-09-28 09:43:04
day_out,3,2022-01-05,123,0.9177215189873418,0.9031771867491175,0.8971005783559407,0.9928844501760464,0.75,0.9271844660194175,20,14,1.0,0.9813953488372092,0.8269230769230769,0.75,0.9271844660194175,"[[153, 0, 0, 0, 0], [0, 211, 2, 2, 0], [0, 16, 86, 2, 0], [0, 1, 7, 84, 20], [0, 1, 0, 14, 191]]",15,790,69,11,3861,587,"[""2022-01-05""]","[""rosbag2_2022_01_05-08_54_22"", ""rosbag2_2022_01_05-08_59_12"", ""rosbag2_2022_01_05-09_05_02"", ""rosbag2_2022_01_05-09_14_43"", ""rosbag2_2022_01_05-09_17_09"", ""rosbag2_2022_01_05-09_18_58"", ""rosbag2_2022_01_05-09_29_43"", ""rosbag2_2022_01_05-09_33_57"", ""rosbag2_2022_01_05-09_38_01"", ""rosbag2_2022_01_05-09_39_47"", ""rosbag2_2022_01_05-10_11_57"", ""rosbag2_2022_01_05-10_14_29"", ""rosbag2_2022_01_05-10_16_46"", ""rosbag2_2022_01_05-10_18_58"", ""rosbag2_2022_01_05-10_23_31""]","[1, 2, 3, 4, 5, 6, 7, 8, 9, 10, 11, 245, 246, 247, 248, 249, 250, 251, 252, 253, 254, 255, 258, 259, 260, 261, 262, 263, 264, 265, 266, 267, 501, 502, 503, 504, 505, 506, 507, 508, 509, 510, 511, 514, 515, 516, 517, 518, 519, 520, 521, 522, 523, 754, 757, 758, 759, 760, 761, 762, 763, 764, 765, 766]",11,0.931691,74be0883c62b,0a4b3be44b18,True,True,,107.4,2026-09-28 09:46:02
day_out,4,2022-01-10,42,0.8181818181818182,0.8373794162216786,0.8403098268186373,0.9579951675065264,0.7327188940092166,0.9375,3,7,0.9814814814814815,0.9815668202764977,0.5682819383259912,0.7327188940092166,0.9375,"[[159, 2, 0, 1, 0], [0, 213, 1, 1, 2], [0, 92, 129, 5, 1], [0, 2, 53, 159, 3], [0, 0, 0, 7, 105]]",17,935,67,11,3684,619,"[""2022-01-10""]","[""rosbag2_2022_01_10-08_55_08"", ""rosbag2_2022_01_10-08_57_19"", ""rosbag2_2022_01_10-08_59_08"", ""rosbag2_2022_01_10-09_01_42"", ""rosbag2_2022_01_10-09_08_21"", ""rosbag2_2022_01_10-09_15_18"", ""rosbag2_2022_01_10-09_26_06"", ""rosbag2_2022_01_10-09_34_38"", ""rosbag2_2022_01_10-09_36_37"", ""rosbag2_2022_01_10-09_38_47"", ""rosbag2_2022_01_10-09_40_55"", ""rosbag2_2022_01_10-09_53_30"", ""rosbag2_2022_01_10-10_07_21"", ""rosbag2_2022_01_10-10_24_25"", ""rosbag2_2022_01_10-10_26_25"", ""rosbag2_2022_01_10-10_28_35"", ""rosbag2_2022_01_10-10_30_32""]","[1, 2, 3, 4, 5, 6, 7, 8, 9, 10, 11, 245, 246, 247, 248, 249, 250, 251, 252, 253, 254, 255, 258, 259, 260, 261, 262, 263, 264, 265, 266, 267, 501, 502, 503, 504, 505, 506, 507, 508, 509, 510, 511, 514, 515, 516, 517, 518, 519, 520, 521, 522, 523, 754, 757, 758, 759, 760, 761, 762, 763, 764, 765, 766]",15,0.881835,5850841e699f,5641b401720d,True,True,,104.0,2026-09-28 09:50:08
day_out,4,2022-01-10,123,0.853475935828877,0.8597589405644566,0.8535589285056387,0.9822707256143097,0.695852534562212,0.7857142857142857,3,23,0.9814814814814815,0.967741935483871,0.8370044052863436,0.695852534562212,0.7857142857142857,"[[159, 3, 0, 0, 0], [4, 210, 1, 1, 1], [0, 31, 190, 6, 0], [0, 1, 62, 151, 3], [0, 1, 0, 23, 88]]",17,935,67,11,3684,619,"[""2022-01-10""]","[""rosbag2_2022_01_10-08_55_08"", ""rosbag2_2022_01_10-08_57_19"", ""rosbag2_2022_01_10-08_59_08"", ""rosbag2_2022_01_10-09_01_42"", ""rosbag2_2022_01_10-09_08_21"", ""rosbag2_2022_01_10-09_15_18"", ""rosbag2_2022_01_10-09_26_06"", ""rosbag2_2022_01_10-09_34_38"", ""rosbag2_2022_01_10-09_36_37"", ""rosbag2_2022_01_10-09_38_47"", ""rosbag2_2022_01_10-09_40_55"", ""rosbag2_2022_01_10-09_53_30"", ""rosbag2_2022_01_10-10_07_21"", ""rosbag2_2022_01_10-10_24_25"", ""rosbag2_2022_01_10-10_26_25"", ""rosbag2_2022_01_10-10_28_35"", ""rosbag2_2022_01_10-10_30_32""]","[1, 2, 3, 4, 5, 6, 7, 8, 9, 10, 11, 245, 246, 247, 248, 249, 250, 251, 252, 253, 254, 255, 258, 259, 260, 261, 262, 263, 264, 265, 266, 267, 501, 502, 503, 504, 505, 506, 507, 508, 509, 510, 511, 514, 515, 516, 517, 518, 519, 520, 521, 522, 523, 754, 757, 758, 759, 760, 761, 762, 763, 764, 765, 766]",11,0.893804,74be0883c62b,0a4b3be44b18,True,True,,103.3,2026-09-28 09:53:21
matched_random,0,matched to 2021-12-22,42,0.9143897996357013,0.9164519189268867,0.9149234392796558,0.9935030196706449,0.8879310344827587,0.8148148148148148,11,20,0.9904761904761905,0.9174311926605505,0.963963963963964,0.8879310344827587,0.8148148148148148,"[[104, 0, 0, 1, 0], [0, 100, 5, 3, 1], [0, 1, 107, 3, 0], [0, 0, 2, 103, 11], [0, 0, 0, 20, 88]]",10,549,72,13,3954,735,"[""2021-12-22"", ""2021-12-31"", ""2022-01-04"", ""2022-01-05"", ""2022-01-10""]","[""rosbag2_2021_12_22-09_43_30"", ""rosbag2_2021_12_22-09_48_32"", ""rosbag2_2021_12_31-11_56_27"", ""rosbag2_2022_01_04-11_10_12"", ""rosbag2_2022_01_04-11_24_33"", ""rosbag2_2022_01_04-11_33_49"", ""rosbag2_2022_01_05-09_29_43"", ""rosbag2_2022_01_05-10_14_29"", ""rosbag2_2022_01_10-08_59_08"", ""rosbag2_2022_01_10-10_28_35""]","[1, 2, 3, 4, 5, 6, 7, 8, 9, 10, 11, 245, 246, 247, 248, 249, 250, 251, 252, 253, 254, 255, 258, 259, 260, 261, 262, 263, 264, 265, 266, 267, 501, 502, 503, 504, 505, 506, 507, 508, 509, 510, 511, 514, 515, 516, 517, 518, 519, 520, 521, 522, 523, 754, 757, 758, 759, 760, 761, 762, 763, 764, 765, 766]",14,0.906717,5850841e699f,5641b401720d,True,True,,150.4,2026-09-28 09:58:04
matched_random,0,matched to 2021-12-22,123,0.9107468123861566,0.911445465835588,0.9114824468794731,0.9920627918509517,0.8793103448275862,0.8611111111111112,10,12,0.9904761904761905,0.8715596330275229,0.954954954954955,0.8793103448275862,0.8611111111111112,"[[104, 1, 0, 0, 0], [0, 95, 13, 1, 0], [0, 5, 106, 0, 0], [0, 3, 1, 102, 10], [0, 3, 0, 12, 93]]",10,549,72,13,3954,735,"[""2021-12-22"", ""2021-12-31"", ""2022-01-04"", ""2022-01-05"", ""2022-01-10""]","[""rosbag2_2021_12_22-09_43_30"", ""rosbag2_2021_12_22-09_48_32"", ""rosbag2_2021_12_31-11_56_27"", ""rosbag2_2022_01_04-11_10_12"", ""rosbag2_2022_01_04-11_24_33"", ""rosbag2_2022_01_04-11_33_49"", ""rosbag2_2022_01_05-09_29_43"", ""rosbag2_2022_01_05-10_14_29"", ""rosbag2_2022_01_10-08_59_08"", ""rosbag2_2022_01_10-10_28_35""]","[1, 2, 3, 4, 5, 6, 7, 8, 9, 10, 11, 245, 246, 247, 248, 249, 250, 251, 252, 253, 254, 255, 258, 259, 260, 261, 262, 263, 264, 265, 266, 267, 501, 502, 503, 504, 505, 506, 507, 508, 509, 510, 511, 514, 515, 516, 517, 518, 519, 520, 521, 522, 523, 754, 757, 758, 759, 760, 761, 762, 763, 764, 765, 766]",12,0.891989,74be0883c62b,0a4b3be44b18,True,True,,194.8,2026-09-28 10:02:39
matched_random,1,matched to 2021-12-31,42,0.867005076142132,0.8697285041018917,0.8709010505295781,0.9791285013373026,0.753880266075388,0.863961813842482,51,54,0.9973118279569892,0.898989898989899,0.8403614457831325,0.753880266075388,0.863961813842482,"[[371, 1, 0, 0, 0], [12, 356, 21, 7, 0], [2, 8, 279, 43, 0], [0, 0, 60, 340, 51], [0, 0, 3, 54, 362]]",36,1970,49,10,2697,571,"[""2021-12-22"", ""2021-12-31"", ""2022-01-04"", ""2022-01-05"", ""2022-01-10""]","[""rosbag2_2021_12_22-09_14_31"", ""rosbag2_2021_12_22-09_17_33"", ""rosbag2_2021_12_22-09_35_36"", ""rosbag2_2021_12_22-09_54_38"", ""rosbag2_2021_12_31-09_05_59"", ""rosbag2_2021_12_31-09_18_27"", ""rosbag2_2021_12_31-09_32_54"", ""rosbag2_2021_12_31-10_25_06"", ""rosbag2_2021_12_31-10_30_26"", ""rosbag2_2021_12_31-11_49_03"", ""rosbag2_2021_12_31-12_26_49"", ""rosbag2_2021_12_31-12_48_29"", ""rosbag2_2021_12_31-13_23_39"", ""rosbag2_2021_12_31-14_24_01"", ""rosbag2_2021_12_31-14_30_35"", ""rosbag2_2021_12_31-14_34_17"", ""rosbag2_2021_12_31-14_37_15"", ""rosbag2_2021_12_31-14_57_10"", ""rosbag2_2022_01_04-10_18_02"", ""rosbag2_2022_01_04-10_23_25"", ""rosbag2_2022_01_04-10_38_51"", ""rosbag2_2022_01_04-11_05_45"", ""rosbag2_2022_01_04-11_15_00"", ""rosbag2_2022_01_05-08_59_12"", ""rosbag2_2022_01_05-09_14_43"", ""rosbag2_2022_01_05-09_17_09"", ""rosbag2_2022_01_05-09_18_58"", ""rosbag2_2022_01_05-09_38_01"", ""rosbag2_2022_01_05-09_39_47"", ""rosbag2_2022_01_05-10_16_46"", ""rosbag2_2022_01_05-10_18_58"", ""rosbag2_2022_01_10-09_01_42"", ""rosbag2_2022_01_10-09_34_38"", ""rosbag2_2022_01_10-10_07_21"", ""rosbag2_2022_01_10-10_24_25"", ""rosbag2_2022_01_10-10_26_25""]","[1, 2, 3, 4, 5, 6, 7, 8, 9, 10, 11, 245, 246, 247, 248, 249, 250, 251, 252, 253, 254, 255, 258, 259, 260, 261, 262, 263, 264, 265, 266, 267, 501, 502, 503, 504, 505, 506, 507, 508, 509, 510, 511, 514, 515, 516, 517, 518, 519, 520, 521, 522, 523, 754, 757, 758, 759, 760, 761, 762, 763, 764, 765, 766]",12,0.935125,5850841e699f,5641b401720d,True,True,,219.3,2026-09-28 10:08:29
matched_random,1,matched to 2021-12-31,123,0.8791878172588833,0.8817973456705209,0.8846492367704082,0.9809329373809245,0.7627494456762749,0.8758949880668258,52,49,0.9946236559139785,0.8863636363636364,0.9036144578313253,0.7627494456762749,0.8758949880668258,"[[370, 2, 0, 0, 0], [6, 351, 33, 0, 6], [0, 5, 300, 22, 5], [0, 3, 52, 344, 52], [0, 0, 3, 49, 367]]",36,1970,49,10,2697,571,"[""2021-12-22"", ""2021-12-31"", ""2022-01-04"", ""2022-01-05"", ""2022-01-10""]","[""rosbag2_2021_12_22-09_14_31"", ""rosbag2_2021_12_22-09_17_33"", ""rosbag2_2021_12_22-09_35_36"", ""rosbag2_2021_12_22-09_54_38"", ""rosbag2_2021_12_31-09_05_59"", ""rosbag2_2021_12_31-09_18_27"", ""rosbag2_2021_12_31-09_32_54"", ""rosbag2_2021_12_31-10_25_06"", ""rosbag2_2021_12_31-10_30_26"", ""rosbag2_2021_12_31-11_49_03"", ""rosbag2_2021_12_31-12_26_49"", ""rosbag2_2021_12_31-12_48_29"", ""rosbag2_2021_12_31-13_23_39"", ""rosbag2_2021_12_31-14_24_01"", ""rosbag2_2021_12_31-14_30_35"", ""rosbag2_2021_12_31-14_34_17"", ""rosbag2_2021_12_31-14_37_15"", ""rosbag2_2021_12_31-14_57_10"", ""rosbag2_2022_01_04-10_18_02"", ""rosbag2_2022_01_04-10_23_25"", ""rosbag2_2022_01_04-10_38_51"", ""rosbag2_2022_01_04-11_05_45"", ""rosbag2_2022_01_04-11_15_00"", ""rosbag2_2022_01_05-08_59_12"", ""rosbag2_2022_01_05-09_14_43"", ""rosbag2_2022_01_05-09_17_09"", ""rosbag2_2022_01_05-09_18_58"", ""rosbag2_2022_01_05-09_38_01"", ""rosbag2_2022_01_05-09_39_47"", ""rosbag2_2022_01_05-10_16_46"", ""rosbag2_2022_01_05-10_18_58"", ""rosbag2_2022_01_10-09_01_42"", ""rosbag2_2022_01_10-09_34_38"", ""rosbag2_2022_01_10-10_07_21"", ""rosbag2_2022_01_10-10_24_25"", ""rosbag2_2022_01_10-10_26_25""]","[1, 2, 3, 4, 5, 6, 7, 8, 9, 10, 11, 245, 246, 247, 248, 249, 250, 251, 252, 253, 254, 255, 258, 259, 260, 261, 262, 263, 264, 265, 266, 267, 501, 502, 503, 504, 505, 506, 507, 508, 509, 510, 511, 514, 515, 516, 517, 518, 519, 520, 521, 522, 523, 754, 757, 758, 759, 760, 761, 762, 763, 764, 765, 766]",17,0.941148,74be0883c62b,0a4b3be44b18,True,True,,140.8,2026-09-28 10:11:50
matched_random,2,matched to 2022-01-04,42,0.8740499457111836,0.8777584487099166,0.8777706157889821,0.9810131130462609,0.9166666666666666,0.9118942731277533,2,17,1.0,0.8347107438016529,0.7255813953488373,0.9166666666666666,0.9118942731277533,"[[154, 0, 0, 0, 0], [2, 101, 18, 0, 0], [0, 7, 156, 52, 0], [0, 6, 9, 187, 2], [0, 3, 0, 17, 207]]",17,921,67,11,3721,596,"[""2021-12-31"", ""2022-01-04"", ""2022-01-05"", ""2022-01-10""]","[""rosbag2_2021_12_29-08_57_15"", ""rosbag2_2021_12_31-10_28_23"", ""rosbag2_2021_12_31-11_52_05"", ""rosbag2_2021_12_31-14_09_20"", ""rosbag2_2021_12_31-14_17_59"", ""rosbag2_2021_12_31-14_20_48"", ""rosbag2_2021_12_31-14_47_10"", ""rosbag2_2021_12_31-14_51_23"", ""rosbag2_2022_01_04-10_34_55"", ""rosbag2_2022_01_04-11_26_50"", ""rosbag2_2022_01_05-09_33_57"", ""rosbag2_2022_01_05-10_11_57"", ""rosbag2_2022_01_05-10_23_31"", ""rosbag2_2022_01_10-08_57_19"", ""rosbag2_2022_01_10-09_15_18"", ""rosbag2_2022_01_10-09_26_06"", ""rosbag2_2022_01_10-10_30_32""]","[1, 2, 3, 4, 5, 6, 7, 8, 9, 10, 11, 245, 246, 247, 248, 249, 250, 251, 252, 253, 254, 255, 258, 259, 260, 261, 262, 263, 264, 265, 266, 267, 501, 502, 503, 504, 505, 506, 507, 508, 509, 510, 511, 514, 515, 516, 517, 518, 519, 520, 521, 522, 523, 754, 757, 758, 759, 760, 761, 762, 763, 764, 765, 766]",7,0.856358,5850841e699f,5641b401720d,True,True,,233.1,2026-09-28 10:17:46
matched_random,2,matched to 2022-01-04,123,0.8805646036916395,0.8913884096496447,0.8888089550265941,0.9844625211503788,0.9411764705882353,0.8986784140969163,2,21,1.0,0.8925619834710744,0.7116279069767442,0.9411764705882353,0.8986784140969163,"[[154, 0, 0, 0, 0], [0, 108, 13, 0, 0], [0, 2, 153, 60, 0], [0, 0, 10, 192, 2], [0, 2, 0, 21, 204]]",17,921,67,11,3721,596,"[""2021-12-31"", ""2022-01-04"", ""2022-01-05"", ""2022-01-10""]","[""rosbag2_2021_12_29-08_57_15"", ""rosbag2_2021_12_31-10_28_23"", ""rosbag2_2021_12_31-11_52_05"", ""rosbag2_2021_12_31-14_09_20"", ""rosbag2_2021_12_31-14_17_59"", ""rosbag2_2021_12_31-14_20_48"", ""rosbag2_2021_12_31-14_47_10"", ""rosbag2_2021_12_31-14_51_23"", ""rosbag2_2022_01_04-10_34_55"", ""rosbag2_2022_01_04-11_26_50"", ""rosbag2_2022_01_05-09_33_57"", ""rosbag2_2022_01_05-10_11_57"", ""rosbag2_2022_01_05-10_23_31"", ""rosbag2_2022_01_10-08_57_19"", ""rosbag2_2022_01_10-09_15_18"", ""rosbag2_2022_01_10-09_26_06"", ""rosbag2_2022_01_10-10_30_32""]","[1, 2, 3, 4, 5, 6, 7, 8, 9, 10, 11, 245, 246, 247, 248, 249, 250, 251, 252, 253, 254, 255, 258, 259, 260, 261, 262, 263, 264, 265, 266, 267, 501, 502, 503, 504, 505, 506, 507, 508, 509, 510, 511, 514, 515, 516, 517, 518, 519, 520, 521, 522, 523, 754, 757, 758, 759, 760, 761, 762, 763, 764, 765, 766]",18,0.842159,74be0883c62b,0a4b3be44b18,True,True,,175.2,2026-09-28 10:21:51
matched_random,3,matched to 2022-01-05,42,0.9141104294478528,0.8861009635857015,0.887059562380317,0.988152061416308,0.8425925925925926,0.95,6,10,0.98,0.974025974025974,0.6886792452830188,0.8425925925925926,0.95,"[[147, 2, 0, 1, 0], [0, 225, 4, 2, 0], [0, 4, 73, 29, 0], [0, 1, 10, 91, 6], [0, 0, 1, 10, 209]]",15,815,69,11,3825,598,"[""2021-12-22"", ""2021-12-31"", ""2022-01-04"", ""2022-01-05"", ""2022-01-10""]","[""rosbag2_2021_12_22-09_23_49"", ""rosbag2_2021_12_31-09_16_04"", ""rosbag2_2021_12_31-10_33_37"", ""rosbag2_2021_12_31-12_05_31"", ""rosbag2_2021_12_31-12_51_36"", ""rosbag2_2021_12_31-13_03_17"", ""rosbag2_2021_12_31-13_13_29"", ""rosbag2_2021_12_31-13_21_19"", ""rosbag2_2021_12_31-14_55_15"", ""rosbag2_2022_01_04-10_30_46"", ""rosbag2_2022_01_04-10_43_36"", ""rosbag2_2022_01_04-11_28_43"", ""rosbag2_2022_01_05-09_05_02"", ""rosbag2_2022_01_10-09_36_37"", ""rosbag2_2022_01_10-09_53_30""]","[1, 2, 3, 4, 5, 6, 7, 8, 9, 10, 11, 245, 246, 247, 248, 249, 250, 251, 252, 253, 254, 255, 258, 259, 260, 261, 262, 263, 264, 265, 266, 267, 501, 502, 503, 504, 505, 506, 507, 508, 509, 510, 511, 514, 515, 516, 517, 518, 519, 520, 521, 522, 523, 754, 757, 758, 759, 760, 761, 762, 763, 764, 765, 766]",8,0.937295,5850841e699f,5641b401720d,True,True,,171.7,2026-09-28 10:25:56
matched_random,3,matched to 2022-01-05,123,0.8723926380368098,0.839358417732838,0.8406232314156842,0.983330985997734,0.7592592592592593,0.9545454545454546,25,7,0.98,0.8961038961038961,0.6132075471698113,0.7592592592592593,0.9545454545454546,"[[147, 2, 0, 1, 0], [0, 207, 20, 4, 0], [0, 2, 65, 39, 0], [0, 0, 1, 82, 25], [0, 0, 3, 7, 210]]",15,815,69,11,3825,598,"[""2021-12-22"", ""2021-12-31"", ""2022-01-04"", ""2022-01-05"", ""2022-01-10""]","[""rosbag2_2021_12_22-09_23_49"", ""rosbag2_2021_12_31-09_16_04"", ""rosbag2_2021_12_31-10_33_37"", ""rosbag2_2021_12_31-12_05_31"", ""rosbag2_2021_12_31-12_51_36"", ""rosbag2_2021_12_31-13_03_17"", ""rosbag2_2021_12_31-13_13_29"", ""rosbag2_2021_12_31-13_21_19"", ""rosbag2_2021_12_31-14_55_15"", ""rosbag2_2022_01_04-10_30_46"", ""rosbag2_2022_01_04-10_43_36"", ""rosbag2_2022_01_04-11_28_43"", ""rosbag2_2022_01_05-09_05_02"", ""rosbag2_2022_01_10-09_36_37"", ""rosbag2_2022_01_10-09_53_30""]","[1, 2, 3, 4, 5, 6, 7, 8, 9, 10, 11, 245, 246, 247, 248, 249, 250, 251, 252, 253, 254, 255, 258, 259, 260, 261, 262, 263, 264, 265, 266, 267, 501, 502, 503, 504, 505, 506, 507, 508, 509, 510, 511, 514, 515, 516, 517, 518, 519, 520, 521, 522, 523, 754, 757, 758, 759, 760, 761, 762, 763, 764, 765, 766]",9,0.932646,74be0883c62b,0a4b3be44b18,True,True,,135.9,2026-09-28 10:29:42
matched_random,4,matched to 2022-01-10,42,0.91353001017294,0.9107108697328868,0.9148030790364354,0.9894590279284387,0.8702928870292888,0.905982905982906,21,5,0.9833333333333333,0.9620253164556962,0.8523809523809524,0.8702928870292888,0.905982905982906,"[[177, 3, 0, 0, 0], [5, 228, 3, 1, 0], [0, 19, 179, 11, 1], [0, 0, 10, 208, 21], [0, 0, 6, 5, 106]]",17,983,67,11,3644,611,"[""2021-12-22"", ""2021-12-31"", ""2022-01-04"", ""2022-01-05"", ""2022-01-10""]","[""rosbag2_2021_12_22-09_21_12"", ""rosbag2_2021_12_22-09_37_54"", ""rosbag2_2021_12_22-09_40_31"", ""rosbag2_2021_12_31-11_53_53"", ""rosbag2_2021_12_31-12_29_32"", ""rosbag2_2021_12_31-12_42_59"", ""rosbag2_2021_12_31-13_15_35"", ""rosbag2_2021_12_31-13_26_27"", ""rosbag2_2022_01_04-10_41_06"", ""rosbag2_2022_01_04-10_45_38"", ""rosbag2_2022_01_04-11_12_37"", ""rosbag2_2022_01_04-11_31_42"", ""rosbag2_2022_01_05-08_54_22"", ""rosbag2_2022_01_10-08_55_08"", ""rosbag2_2022_01_10-09_08_21"", ""rosbag2_2022_01_10-09_38_47"", ""rosbag2_2022_01_10-09_40_55""]","[1, 2, 3, 4, 5, 6, 7, 8, 9, 10, 11, 245, 246, 247, 248, 249, 250, 251, 252, 253, 254, 255, 258, 259, 260, 261, 262, 263, 264, 265, 266, 267, 501, 502, 503, 504, 505, 506, 507, 508, 509, 510, 511, 514, 515, 516, 517, 518, 519, 520, 521, 522, 523, 754, 757, 758, 759, 760, 761, 762, 763, 764, 765, 766]",20,0.946751,5850841e699f,5641b401720d,True,True,,132.8,2026-09-28 10:34:17
matched_random,4,matched to 2022-01-10,123,0.8880976602238047,0.8850800044689437,0.8931428704645166,0.9894989745168736,0.8200836820083682,0.9230769230769231,37,8,0.9722222222222222,0.9789029535864979,0.7714285714285715,0.8200836820083682,0.9230769230769231,"[[175, 5, 0, 0, 0], [2, 232, 0, 3, 0], [0, 36, 162, 12, 0], [0, 0, 6, 196, 37], [0, 0, 1, 8, 108]]",17,983,67,11,3644,611,"[""2021-12-22"", ""2021-12-31"", ""2022-01-04"", ""2022-01-05"", ""2022-01-10""]","[""rosbag2_2021_12_22-09_21_12"", ""rosbag2_2021_12_22-09_37_54"", ""rosbag2_2021_12_22-09_40_31"", ""rosbag2_2021_12_31-11_53_53"", ""rosbag2_2021_12_31-12_29_32"", ""rosbag2_2021_12_31-12_42_59"", ""rosbag2_2021_12_31-13_15_35"", ""rosbag2_2021_12_31-13_26_27"", ""rosbag2_2022_01_04-10_41_06"", ""rosbag2_2022_01_04-10_45_38"", ""rosbag2_2022_01_04-11_12_37"", ""rosbag2_2022_01_04-11_31_42"", ""rosbag2_2022_01_05-08_54_22"", ""rosbag2_2022_01_10-08_55_08"", ""rosbag2_2022_01_10-09_08_21"", ""rosbag2_2022_01_10-09_38_47"", ""rosbag2_2022_01_10-09_40_55""]","[1, 2, 3, 4, 5, 6, 7, 8, 9, 10, 11, 245, 246, 247, 248, 249, 250, 251, 252, 253, 254, 255, 258, 259, 260, 261, 262, 263, 264, 265, 266, 267, 501, 502, 503, 504, 505, 506, 507, 508, 509, 510, 511, 514, 515, 516, 517, 518, 519, 520, 521, 522, 523, 754, 757, 758, 759, 760, 761, 762, 763, 764, 765, 766]",12,0.929296,74be0883c62b,0a4b3be44b18,True,True,,132.4,2026-09-28 10:38:10
