protocol,fold,fold_day,seed,n_train_missions,n_val_missions,n_test_missions,n_train_windows,n_val_windows,n_test_windows,accuracy,macro_f1,balanced_accuracy,macro_auroc,mission_accuracy,mission_macro_f1,mission_balanced_accuracy,mission_macro_auroc,best_epoch,best_val_macro_f1,init_sha1,zstats_sha1,class_weights,n_params,train_seconds,probs_file,checkpoint,finished_at
day_out,0,2021-12-22,42,72,13,10,5614,1013,852,0.8896713615023474,0.8905823585317554,0.8850583585638644,0.9909161040072506,1.0,1.0,1.0,1.0,15,0.89991,a2901c1c4c22,01b6c68dbc5e04d6,"[1.0367000102996826, 1.006100058555603, 1.0377000570297241, 0.9713000059127808, 0.9539999961853027]",1012358,58.6,/kaggle/working/audio_only_probs/day_out_0_42.npz,/kaggle/working/audio_only_checkpoints/day_out_0_42.pt,2026-09-29T04:50:01
day_out,1,2021-12-31,42,49,10,36,3850,799,2830,0.7042402826855124,0.7123473169380935,0.7190081592408262,0.9357333442802072,0.7777777777777778,0.7816536404771699,0.7892857142857143,0.9703373015873016,12,0.976475,a2901c1c4c22,d5bcf87415fa289a,"[1.1095000505447388, 0.963699996471405, 0.9883999824523926, 0.9506000280380249, 1.0025999546051025]",1012358,43.4,/kaggle/working/audio_only_probs/day_out_1_42.npz,/kaggle/working/audio_only_checkpoints/day_out_1_42.pt,2026-09-29T04:50:44
day_out,2,2022-01-04,42,67,11,17,5273,886,1320,0.7007575757575758,0.7085825600737985,0.7034998282842213,0.9209653921940326,0.7058823529411765,0.7076190476190476,0.7,0.95,9,0.972124,a2901c1c4c22,0bf17c5d287ae065,"[1.062000036239624, 0.9340999722480774, 1.125499963760376, 0.9449999928474426, 0.9605000019073486]",1012358,57.2,/kaggle/working/audio_only_probs/day_out_2_42.npz,/kaggle/working/audio_only_checkpoints/day_out_2_42.pt,2026-09-29T04:51:42
day_out,3,2022-01-05,42,69,11,15,5486,857,1136,0.9366197183098591,0.9286925330942817,0.9409905600883176,0.9873227067572354,1.0,1.0,1.0,1.0,12,0.725994,a2901c1c4c22,e9e5f0334225c931,"[1.0852999687194824, 1.0254000425338745, 0.9975000023841858, 0.9174000024795532, 0.9894000291824341]",1012358,59.0,/kaggle/working/audio_only_probs/day_out_3_42.npz,/kaggle/working/audio_only_checkpoints/day_out_3_42.pt,2026-09-29T04:52:41
day_out,4,2022-01-10,42,67,11,17,5257,881,1341,0.7867263236390754,0.7950700809426836,0.8176762635633082,0.9685864258606974,0.8823529411764706,0.8933333333333333,0.9,0.9846153846153847,15,0.929114,a2901c1c4c22,29c8c4e3955782c5,"[1.0599000453948975, 0.9789999723434448, 1.1503000259399414, 0.9437999725341797, 0.9039999842643738]",1012358,57.0,/kaggle/working/audio_only_probs/day_out_4_42.npz,/kaggle/working/audio_only_checkpoints/day_out_4_42.pt,2026-09-29T04:53:39
day_out,0,2021-12-22,123,72,13,10,5614,1013,852,0.9272300469483568,0.9287016014045253,0.9249237035654542,0.9951308081768779,1.0,1.0,1.0,1.0,20,0.904795,46398f58e902,01b6c68dbc5e04d6,"[1.0367000102996826, 1.006100058555603, 1.0377000570297241, 0.9713000059127808, 0.9539999961853027]",1012358,60.6,/kaggle/working/audio_only_probs/day_out_0_123.npz,/kaggle/working/audio_only_checkpoints/day_out_0_123.pt,2026-09-29T04:54:40
day_out,1,2021-12-31,123,49,10,36,3850,799,2830,0.7402826855123675,0.7506500577073486,0.7579696501663159,0.9453371534939471,0.75,0.7605128205128204,0.7678571428571429,0.975,9,0.986505,46398f58e902,d5bcf87415fa289a,"[1.1095000505447388, 0.963699996471405, 0.9883999824523926, 0.9506000280380249, 1.0025999546051025]",1012358,44.1,/kaggle/working/audio_only_probs/day_out_1_123.npz,/kaggle/working/audio_only_checkpoints/day_out_1_123.pt,2026-09-29T04:55:24
day_out,2,2022-01-04,123,67,11,17,5273,886,1320,0.7560606060606061,0.7720024896787654,0.7641184357386106,0.9380062554215257,0.7647058823529411,0.7933333333333333,0.8,0.9615384615384615,15,0.971751,46398f58e902,0bf17c5d287ae065,"[1.062000036239624, 0.9340999722480774, 1.125499963760376, 0.9449999928474426, 0.9605000019073486]",1012358,56.9,/kaggle/working/audio_only_probs/day_out_2_123.npz,/kaggle/working/audio_only_checkpoints/day_out_2_123.pt,2026-09-29T04:56:21
day_out,3,2022-01-05,123,69,11,15,5486,857,1136,0.8970070422535211,0.8875930472945821,0.9062918667385164,0.9930256746456866,1.0,1.0,1.0,1.0,9,0.860543,46398f58e902,e9e5f0334225c931,"[1.0852999687194824, 1.0254000425338745, 0.9975000023841858, 0.9174000024795532, 0.9894000291824341]",1012358,59.0,/kaggle/working/audio_only_probs/day_out_3_123.npz,/kaggle/working/audio_only_checkpoints/day_out_3_123.pt,2026-09-29T04:57:21
day_out,4,2022-01-10,123,67,11,17,5257,881,1341,0.7949291573452647,0.8092552308280115,0.8220907775589197,0.9790322772328148,0.8823529411764706,0.8933333333333333,0.9,0.9884615384615385,14,0.935829,46398f58e902,29c8c4e3955782c5,"[1.0599000453948975, 0.9789999723434448, 1.1503000259399414, 0.9437999725341797, 0.9039999842643738]",1012358,56.8,/kaggle/working/audio_only_probs/day_out_4_123.npz,/kaggle/working/audio_only_checkpoints/day_out_4_123.pt,2026-09-29T04:58:18
day_out,0,2021-12-22,2024,72,13,10,5614,1013,852,0.8802816901408451,0.8806563243117603,0.8771955746339846,0.988135996362541,1.0,1.0,1.0,1.0,18,0.90597,30957ca291ef,01b6c68dbc5e04d6,"[1.0367000102996826, 1.006100058555603, 1.0377000570297241, 0.9713000059127808, 0.9539999961853027]",1012358,60.8,/kaggle/working/audio_only_probs/day_out_0_2024.npz,/kaggle/working/audio_only_checkpoints/day_out_0_2024.pt,2026-09-29T04:59:19
day_out,1,2021-12-31,2024,49,10,36,3850,799,2830,0.7759717314487633,0.7835349061336584,0.7858869013819205,0.9475956871647526,0.8333333333333334,0.8360683760683761,0.8428571428571429,0.9830555555555556,10,0.967802,30957ca291ef,d5bcf87415fa289a,"[1.1095000505447388, 0.963699996471405, 0.9883999824523926, 0.9506000280380249, 1.0025999546051025]",1012358,43.8,/kaggle/working/audio_only_probs/day_out_1_2024.npz,/kaggle/working/audio_only_checkpoints/day_out_1_2024.pt,2026-09-29T05:00:03
day_out,2,2022-01-04,2024,67,11,17,5273,886,1320,0.7378787878787879,0.7438586017071971,0.7339234706093685,0.9292091539869425,0.7058823529411765,0.7076190476190476,0.7,0.9576923076923076,16,0.971741,30957ca291ef,0bf17c5d287ae065,"[1.062000036239624, 0.9340999722480774, 1.125499963760376, 0.9449999928474426, 0.9605000019073486]",1012358,56.7,/kaggle/working/audio_only_probs/day_out_2_2024.npz,/kaggle/working/audio_only_checkpoints/day_out_2_2024.pt,2026-09-29T05:01:00
day_out,3,2022-01-05,2024,69,11,15,5486,857,1136,0.9480633802816901,0.9405218891466424,0.9452497842299173,0.9972053253615287,1.0,1.0,1.0,1.0,13,0.878845,30957ca291ef,e9e5f0334225c931,"[1.0852999687194824, 1.0254000425338745, 0.9975000023841858, 0.9174000024795532, 0.9894000291824341]",1012358,59.0,/kaggle/working/audio_only_probs/day_out_3_2024.npz,/kaggle/working/audio_only_checkpoints/day_out_3_2024.pt,2026-09-29T05:01:59
day_out,4,2022-01-10,2024,67,11,17,5257,881,1341,0.7375093214019388,0.7494557916342643,0.7730652351130107,0.9724306174190221,0.7647058823529411,0.7333333333333333,0.8,0.9846153846153847,10,0.930715,30957ca291ef,29c8c4e3955782c5,"[1.0599000453948975, 0.9789999723434448, 1.1503000259399414, 0.9437999725341797, 0.9039999842643738]",1012358,57.1,/kaggle/working/audio_only_probs/day_out_4_2024.npz,/kaggle/working/audio_only_checkpoints/day_out_4_2024.pt,2026-09-29T05:02:57
