config_tag,modality,arch,test_condition,seed,n_bearings_modality,n_train_bearings,n_val_bearings,n_test_bearings,train_bearings,val_bearings,test_bearings,n_train_windows,n_val_windows,n_test_windows,seq_len,n_params,best_epoch,best_val_macro_f1,accuracy,macro_f1,balanced_accuracy,recall_Q1,recall_Q2,recall_Q3,recall_Q4,confusion_matrix,runtime_s,finished_at
S4_ds1_e20_v2026,vibration,mamba,1,42,17,8,2,7,Bearing2_1 Bearing2_2 Bearing2_3 Bearing2_5 Bearing2_6 Bearing2_7 Bearing3_1 Bearing3_2,Bearing2_4 Bearing3_3,Bearing1_1 Bearing1_2 Bearing1_3 Bearing1_4 Bearing1_5 Bearing1_6 Bearing1_7,9057,1185,14647,2560,943301,10,0.2210811330428095,0.3570697071072574,0.2865623319730875,0.357011666470387,0.2353262353262353,0.1869874248223072,0.0057330057330057,1.0,"[[862, 1012, 781, 1008], [0, 684, 346, 2628], [0, 49, 21, 3593], [0, 0, 0, 3663]]",3029.5,2026-10-03 10:19:43
S4_ds1_e20_p5_v2026,vibration,mamba,1,42,17,8,2,7,Bearing2_1 Bearing2_2 Bearing2_3 Bearing2_5 Bearing2_6 Bearing2_7 Bearing3_1 Bearing3_2,Bearing2_4 Bearing3_3,Bearing1_1 Bearing1_2 Bearing1_3 Bearing1_4 Bearing1_5 Bearing1_6 Bearing1_7,9057,1185,14647,2560,943301,10,0.2205176638758423,0.3507202840172049,0.275970902259908,0.350670100738444,0.1908271908271908,0.2036632039365773,0.0081900081900081,1.0,"[[699, 1158, 773, 1033], [0, 745, 362, 2551], [0, 56, 30, 3577], [0, 0, 0, 3663]]",2284.8,2026-10-03 11:15:39
S4_ds1_e20_p5_v2026,vibration,mamba,1,123,17,8,2,7,Bearing2_1 Bearing2_2 Bearing2_3 Bearing2_5 Bearing2_6 Bearing2_7 Bearing3_1 Bearing3_2,Bearing2_4 Bearing3_3,Bearing1_1 Bearing1_2 Bearing1_3 Bearing1_4 Bearing1_5 Bearing1_6 Bearing1_7,9057,1185,14647,2560,943301,4,0.2031152823048967,0.3295555403836963,0.2505963483201454,0.3294994258635593,0.1182091182091182,0.1651175505740842,0.0346710346710346,1.0,"[[433, 602, 1271, 1357], [1, 604, 563, 2490], [0, 34, 127, 3502], [0, 0, 0, 3663]]",1393.4,2026-10-03 11:38:52
S4_ds1_e20_p5_v2026,vibration,cnn,1,42,17,8,2,7,Bearing2_1 Bearing2_2 Bearing2_3 Bearing2_5 Bearing2_6 Bearing2_7 Bearing3_1 Bearing3_2,Bearing2_4 Bearing3_3,Bearing1_1 Bearing1_2 Bearing1_3 Bearing1_4 Bearing1_5 Bearing1_6 Bearing1_7,9057,1185,14647,2560,27924,4,0.221266316796015,0.3163105072711135,0.2275170803303317,0.3162417474883303,0.1531531531531531,0.1148168398031711,0.0152880152880152,0.9817089817089816,"[[561, 322, 27, 2753], [23, 420, 117, 3098], [4, 0, 56, 3603], [67, 0, 0, 3596]]",17.1,2026-10-03 11:39:10
S4_ds1_e20_p5_v2026,vibration,cnn,1,123,17,8,2,7,Bearing2_1 Bearing2_2 Bearing2_3 Bearing2_5 Bearing2_6 Bearing2_7 Bearing3_1 Bearing3_2,Bearing2_4 Bearing3_3,Bearing1_1 Bearing1_2 Bearing1_3 Bearing1_4 Bearing1_5 Bearing1_6 Bearing1_7,9057,1185,14647,2560,27924,5,0.2373453629824256,0.3017682801938963,0.1929051307899605,0.3016711788581663,0.1962871962871963,0.0172225259704756,0.0016380016380016,0.9915369915369916,"[[719, 43, 5, 2896], [159, 63, 12, 3424], [6, 0, 6, 3651], [30, 0, 1, 3632]]",18.8,2026-10-03 11:39:28
S4_ds1_e20_p5_v2026,temperature,mamba,1,42,13,5,2,6,Bearing2_1 Bearing2_5 Bearing2_6 Bearing2_7 Bearing3_1,Bearing2_4 Bearing3_3,Bearing1_1 Bearing1_2 Bearing1_4 Bearing1_5 Bearing1_6 Bearing1_7,773,195,2034,600,942981,6,0.6241457113606552,0.3205506391347099,0.3398409748929355,0.3204996505709802,0.4442270058708414,0.1512770137524558,0.3300589390962672,0.3564356435643564,"[[227, 84, 51, 149], [0, 77, 176, 256], [0, 75, 168, 266], [0, 55, 270, 180]]",31.8,2026-10-03 11:40:00
S4_ds1_e20_p5_v2026,temperature,mamba,1,123,13,5,2,6,Bearing2_1 Bearing2_5 Bearing2_6 Bearing2_7 Bearing3_1,Bearing2_4 Bearing3_3,Bearing1_1 Bearing1_2 Bearing1_4 Bearing1_5 Bearing1_6 Bearing1_7,773,195,2034,600,942981,5,0.6916774344569289,0.3303834808259587,0.3465850157186902,0.330350937584733,0.3522504892367906,0.4047151277013752,0.2396856581532416,0.3247524752475247,"[[180, 174, 20, 137], [0, 206, 128, 175], [0, 188, 122, 199], [0, 146, 195, 164]]",28.6,2026-10-03 11:40:29
S4_ds1_e20_p5_v2026,vibration,mamba,2,42,17,8,2,7,Bearing1_1 Bearing1_2 Bearing1_3 Bearing1_5 Bearing1_6 Bearing1_7 Bearing3_2 Bearing3_3,Bearing1_4 Bearing3_1,Bearing2_1 Bearing2_2 Bearing2_3 Bearing2_4 Bearing2_5 Bearing2_6 Bearing2_7,15290,1943,7656,2560,943301,2,0.7791012805328874,0.490073145245559,0.4680843234816426,0.4898891617440669,0.9054830287206266,0.2345549738219895,0.3390804597701149,0.4804381846635367,"[[1734, 170, 7, 4], [689, 448, 579, 194], [301, 433, 649, 531], [111, 488, 397, 921]]",1778.6,2026-10-03 12:10:07
S4_ds1_e20_p5_v2026,vibration,mamba,2,123,17,8,2,7,Bearing1_1 Bearing1_2 Bearing1_3 Bearing1_5 Bearing1_6 Bearing1_7 Bearing3_2 Bearing3_3,Bearing1_4 Bearing3_1,Bearing2_1 Bearing2_2 Bearing2_3 Bearing2_4 Bearing2_5 Bearing2_6 Bearing2_7,15290,1943,7656,2560,943301,4,0.7475264003944241,0.4512800417972831,0.4131122608606962,0.4512103030191167,0.962402088772846,0.3,0.2852664576802508,0.2571726656233698,"[[1843, 41, 2, 29], [1051, 573, 65, 221], [717, 330, 546, 321], [336, 547, 541, 493]]",2278.8,2026-10-03 12:48:06
S4_ds1_e20_p5_v2026,vibration,cnn,2,42,17,8,2,7,Bearing1_1 Bearing1_2 Bearing1_3 Bearing1_5 Bearing1_6 Bearing1_7 Bearing3_2 Bearing3_3,Bearing1_4 Bearing3_1,Bearing2_1 Bearing2_2 Bearing2_3 Bearing2_4 Bearing2_5 Bearing2_6 Bearing2_7,15290,1943,7656,2560,27924,3,0.6873603002398624,0.4448798328108673,0.4170439752424467,0.4446645818310827,0.8402088772845953,0.2335078534031413,0.1243469174503657,0.5805946791862285,"[[1609, 19, 13, 274], [384, 446, 165, 915], [83, 520, 238, 1073], [20, 458, 326, 1113]]",23.2,2026-10-03 12:48:30
S4_ds1_e20_p5_v2026,vibration,cnn,2,123,17,8,2,7,Bearing1_1 Bearing1_2 Bearing1_3 Bearing1_5 Bearing1_6 Bearing1_7 Bearing3_2 Bearing3_3,Bearing1_4 Bearing3_1,Bearing2_1 Bearing2_2 Bearing2_3 Bearing2_4 Bearing2_5 Bearing2_6 Bearing2_7,15290,1943,7656,2560,27924,2,0.6782311136539634,0.3851880877742947,0.3972116663685,0.3850713275038815,0.5075718015665797,0.2277486910994764,0.3725182863113898,0.4324465310380803,"[[972, 355, 88, 500], [146, 435, 535, 794], [20, 402, 713, 779], [0, 183, 905, 829]]",20.3,2026-10-03 12:48:50
S4_ds1_e20_p5_v2026,temperature,mamba,2,42,13,6,2,5,Bearing1_1 Bearing1_2 Bearing1_5 Bearing1_6 Bearing1_7 Bearing3_3,Bearing1_4 Bearing3_1,Bearing2_1 Bearing2_4 Bearing2_5 Bearing2_6 Bearing2_7,1869,323,810,600,942981,12,0.7694931846327739,0.3481481481481481,0.320620785846415,0.3477183769305279,0.6715686274509803,0.2029702970297029,0.1083743842364532,0.4079601990049751,"[[137, 24, 11, 32], [44, 41, 2, 115], [28, 50, 22, 103], [73, 12, 34, 82]]",102.2,2026-10-03 12:50:32
S4_ds1_e20_p5_v2026,temperature,mamba,2,123,13,6,2,5,Bearing1_1 Bearing1_2 Bearing1_5 Bearing1_6 Bearing1_7 Bearing3_3,Bearing1_4 Bearing3_1,Bearing2_1 Bearing2_4 Bearing2_5 Bearing2_6 Bearing2_7,1869,323,810,600,942981,8,0.7355210773267259,0.374074074074074,0.3501701176131431,0.3740132629898012,0.5931372549019608,0.3267326732673267,0.0935960591133004,0.4825870646766169,"[[121, 38, 9, 36], [22, 66, 3, 111], [31, 44, 19, 109], [76, 10, 18, 97]]",78.0,2026-10-03 12:51:50
S4_ds1_e20_p5_v2026,vibration,mamba,3,42,17,12,2,3,Bearing1_1 Bearing1_2 Bearing1_3 Bearing1_5 Bearing1_6 Bearing1_7 Bearing2_1 Bearing2_2 Bearing2_3 Bearing2_4 Bearing2_5 Bearing2_7,Bearing1_4 Bearing2_6,Bearing3_1 Bearing3_2 Bearing3_3,20174,2129,2586,2560,943301,6,0.6998803952051433,0.4679040989945862,0.4525014374501622,0.467616345201816,0.5115919629057187,0.427906976744186,0.1331269349845201,0.7978395061728395,"[[331, 289, 27, 0], [19, 276, 157, 193], [0, 152, 86, 408], [0, 82, 49, 517]]",3612.0,2026-10-03 13:52:02
S4_ds1_e20_p5_v2026,vibration,mamba,3,123,17,12,2,3,Bearing1_1 Bearing1_2 Bearing1_3 Bearing1_5 Bearing1_6 Bearing1_7 Bearing2_1 Bearing2_2 Bearing2_3 Bearing2_4 Bearing2_5 Bearing2_7,Bearing1_4 Bearing2_6,Bearing3_1 Bearing3_2 Bearing3_3,20174,2129,2586,2560,943301,4,0.6803773592015522,0.5100541376643465,0.5055155130588906,0.5097948670557982,0.5239567233384853,0.4542635658914729,0.2507739938080495,0.8101851851851852,"[[339, 290, 17, 1], [19, 293, 227, 106], [1, 140, 162, 343], [0, 53, 70, 525]]",2953.5,2026-10-03 14:41:16
S4_ds1_e20_p5_v2026,vibration,cnn,3,42,17,12,2,3,Bearing1_1 Bearing1_2 Bearing1_3 Bearing1_5 Bearing1_6 Bearing1_7 Bearing2_1 Bearing2_2 Bearing2_3 Bearing2_4 Bearing2_5 Bearing2_7,Bearing1_4 Bearing2_6,Bearing3_1 Bearing3_2 Bearing3_3,20174,2129,2586,2560,27924,8,0.6479704688809551,0.5146945088940449,0.5161504518152139,0.5149811734787935,0.3972179289026275,0.7844961240310078,0.5402476780185759,0.3379629629629629,"[[257, 383, 6, 1], [3, 506, 134, 2], [1, 270, 349, 26], [0, 125, 304, 219]]",47.7,2026-10-03 14:42:03
S4_ds1_e20_p5_v2026,vibration,cnn,3,123,17,12,2,3,Bearing1_1 Bearing1_2 Bearing1_3 Bearing1_5 Bearing1_6 Bearing1_7 Bearing2_1 Bearing2_2 Bearing2_3 Bearing2_4 Bearing2_5 Bearing2_7,Bearing1_4 Bearing2_6,Bearing3_1 Bearing3_2 Bearing3_3,20174,2129,2586,2560,27924,10,0.6474210217420447,0.5301624129930395,0.5442189030143466,0.5302331403862937,0.4157650695517774,0.5844961240310077,0.5975232198142415,0.5231481481481481,"[[269, 348, 29, 1], [6, 377, 258, 4], [0, 180, 386, 80], [1, 78, 230, 339]]",54.4,2026-10-03 14:42:58
S4_ds1_e20_p5_v2026,temperature,mamba,3,42,13,9,2,2,Bearing1_1 Bearing1_2 Bearing1_5 Bearing1_6 Bearing1_7 Bearing2_1 Bearing2_4 Bearing2_5 Bearing2_7,Bearing1_4 Bearing2_6,Bearing3_1 Bearing3_3,2493,351,158,600,942981,12,0.5426439348500502,0.3417721518987341,0.3422402159244264,0.3404605263157895,0.825,0.125,0.175,0.2368421052631578,"[[33, 4, 3, 0], [5, 5, 14, 16], [0, 1, 7, 32], [0, 15, 14, 9]]",133.0,2026-10-03 14:45:11
S4_ds1_e20_p5_v2026,temperature,mamba,3,123,13,9,2,2,Bearing1_1 Bearing1_2 Bearing1_5 Bearing1_6 Bearing1_7 Bearing2_1 Bearing2_4 Bearing2_5 Bearing2_7,Bearing1_4 Bearing2_6,Bearing3_1 Bearing3_3,2493,351,158,600,942981,3,0.5197654261408547,0.41139240506329117,0.39279354860801974,0.40855263157894733,0.825,0.075,0.55,0.18421052631578946,"[[33, 1, 6, 0], [3, 3, 21, 13], [0, 0, 22, 18], [0, 14, 17, 7]]",62.1,2026-10-03 14:46:13
