arm,perturbation,magnitude,condition,seed,model_source,n_windows,accuracy,macro_f1,balanced_accuracy,macro_auroc,class3_recall,class4_recall,identical_to_baseline,jitter_seed,shift_sha1,confusion_matrix,finished_at
tau_only,none,0.0,C,42,retrained in v25,1130,0.8938053097345132,0.8900430576358016,0.8873790660511102,0.986928283391767,0.8640350877192983,0.8258706467661692,True,,none,"[[282, 0, 1, 0, 3], [2, 197, 4, 0, 2], [0, 2, 168, 39, 1], [0, 0, 9, 197, 22], [0, 0, 3, 32, 166]]",2026-09-27 17:33:42
tau_only,delay,0.05,C,42,retrained in v25,1130,0.8911504424778761,0.8874654856769538,0.8849603959417536,0.9870419407874493,0.8552631578947368,0.8407960199004975,False,,const 0.05,"[[281, 0, 0, 0, 5], [2, 193, 8, 0, 2], [0, 1, 169, 39, 1], [0, 0, 9, 195, 24], [0, 0, 3, 29, 169]]",2026-09-27 17:33:42
tau_only,delay,0.1,C,42,retrained in v25,1130,0.8884955752212389,0.8847611904799406,0.8821032530846107,0.9866480951885397,0.8552631578947368,0.8407960199004975,False,,const 0.1,"[[281, 0, 0, 0, 5], [2, 193, 8, 0, 2], [0, 1, 166, 42, 1], [0, 0, 8, 195, 25], [0, 0, 3, 29, 169]]",2026-09-27 17:33:43
tau_only,delay,0.2,C,42,retrained in v25,1130,0.8876106194690265,0.8839827731944896,0.8812028312984379,0.9861614426976242,0.8508771929824561,0.8407960199004975,False,,const 0.2,"[[281, 0, 0, 0, 5], [2, 192, 9, 0, 2], [0, 0, 167, 42, 1], [0, 0, 8, 194, 26], [0, 0, 3, 29, 169]]",2026-09-27 17:33:43
tau_only,delay,0.3,C,42,retrained in v25,1130,0.8840707964601769,0.8801734347609445,0.8778608213773849,0.985572646251412,0.8333333333333334,0.8656716417910447,False,,const 0.3,"[[281, 0, 0, 0, 5], [2, 190, 11, 0, 2], [0, 0, 164, 45, 1], [0, 0, 9, 190, 29], [0, 0, 3, 24, 174]]",2026-09-27 17:33:44
tau_only,jitter,0.02,C,42,retrained in v25,1130,0.8938053097345132,0.8901417437247133,0.8875337295305489,0.9871362556052319,0.868421052631579,0.8258706467661692,False,2025,f1cb9969e16c,"[[281, 0, 0, 0, 5], [2, 196, 5, 0, 2], [0, 2, 169, 38, 1], [0, 0, 9, 198, 21], [0, 0, 3, 32, 166]]",2026-09-27 17:33:44
tau_only,jitter,0.05,C,42,retrained in v25,1130,0.8929203539823009,0.8890745978066004,0.8866565365480928,0.9870325208715475,0.8640350877192983,0.8258706467661692,False,2025,6699fc9f8d02,"[[281, 0, 0, 0, 5], [2, 196, 5, 0, 2], [0, 3, 169, 37, 1], [0, 0, 9, 197, 22], [0, 0, 3, 32, 166]]",2026-09-27 17:33:45
tau_only,jitter,0.1,C,42,retrained in v25,1130,0.8938053097345132,0.8899486624980082,0.8876709765432391,0.9869621299998202,0.8640350877192983,0.835820895522388,False,2025,79bae0987fe9,"[[281, 0, 0, 0, 5], [2, 195, 6, 0, 2], [0, 3, 169, 37, 1], [0, 0, 9, 197, 22], [0, 0, 3, 30, 168]]",2026-09-27 17:33:45
tau_only,jitter,0.2,C,42,retrained in v25,1130,0.8911504424778761,0.8870080226299484,0.8852526172120754,0.9867824013636902,0.8508771929824561,0.8606965174129353,False,2025,1dd60fc1841b,"[[281, 0, 0, 0, 5], [2, 195, 6, 0, 2], [0, 4, 164, 41, 1], [0, 0, 8, 194, 26], [0, 0, 3, 25, 173]]",2026-09-27 17:33:46
content_shift,none,0.0,C,42,retrained in v25,1115,0.8986547085201794,0.8954372648505631,0.892581584734953,0.9876665582315848,0.8672566371681416,0.8333333333333334,True,,none,"[[277, 0, 1, 0, 1], [2, 197, 3, 0, 1], [0, 2, 167, 39, 1], [0, 0, 9, 196, 21], [0, 0, 1, 32, 165]]",2026-09-27 17:33:46
content_shift,delay,0.05,C,42,retrained in v25,1115,0.9049327354260089,0.9018330270719808,0.8994294403665577,0.9884269197807161,0.8761061946902655,0.8383838383838383,False,,const 0.05,"[[276, 0, 1, 0, 2], [2, 197, 3, 0, 1], [0, 2, 172, 34, 1], [0, 0, 7, 198, 21], [0, 0, 2, 30, 166]]",2026-09-27 17:33:47
content_shift,delay,0.1,C,42,retrained in v25,1115,0.8968609865470852,0.8937453829085864,0.8908170001751703,0.98609209342117,0.8761061946902655,0.8383838383838383,False,,const 0.1,"[[276, 0, 1, 0, 2], [2, 197, 3, 0, 1], [0, 2, 163, 43, 1], [0, 0, 8, 198, 20], [0, 0, 1, 31, 166]]",2026-09-27 17:33:47
content_shift,delay,0.2,C,42,retrained in v25,1115,0.885201793721973,0.881828172549777,0.8787460728174754,0.9857073397191339,0.8451327433628318,0.8282828282828283,False,,const 0.2,"[[276, 0, 1, 0, 2], [1, 196, 4, 1, 1], [0, 2, 160, 46, 1], [0, 0, 14, 191, 21], [0, 0, 1, 33, 164]]",2026-09-27 17:33:48
content_shift,delay,0.3,C,42,retrained in v25,1115,0.8932735426008969,0.889387105817493,0.8868236988463728,0.9859993972976934,0.8716814159292036,0.8131313131313131,False,,const 0.3,"[[276, 0, 1, 0, 2], [0, 198, 3, 0, 2], [0, 4, 164, 40, 1], [0, 0, 11, 197, 18], [0, 0, 3, 34, 161]]",2026-09-27 17:33:48
content_shift,jitter,0.02,C,42,retrained in v25,1115,0.8968609865470852,0.893698800290786,0.8909703180645433,0.9879140439424441,0.8584070796460177,0.8282828282828283,False,2025,f1cb9969e16c,"[[276, 0, 0, 0, 3], [2, 196, 4, 0, 1], [0, 1, 170, 37, 1], [0, 0, 8, 194, 24], [0, 0, 2, 32, 164]]",2026-09-27 17:33:49
content_shift,jitter,0.05,C,42,retrained in v25,1115,0.9022421524663677,0.8989065501861624,0.896136088484156,0.9881100898959592,0.8938053097345132,0.8282828282828283,False,2025,6699fc9f8d02,"[[276, 0, 0, 0, 3], [2, 196, 4, 0, 1], [0, 4, 168, 36, 1], [0, 0, 6, 202, 18], [0, 0, 1, 33, 164]]",2026-09-27 17:33:49
content_shift,jitter,0.1,C,42,retrained in v25,1115,0.8968609865470852,0.8936499750315446,0.890973722605153,0.9869396433259441,0.8584070796460177,0.8232323232323232,False,2025,79bae0987fe9,"[[276, 0, 1, 0, 2], [2, 198, 1, 1, 1], [0, 3, 169, 36, 1], [0, 0, 11, 194, 21], [0, 0, 1, 34, 163]]",2026-09-27 17:33:50
content_shift,jitter,0.2,C,42,retrained in v25,1115,0.8878923766816144,0.8841106688008132,0.8812824926530938,0.9864034088834641,0.8495575221238938,0.797979797979798,False,2025,1dd60fc1841b,"[[276, 0, 1, 0, 2], [2, 198, 1, 0, 2], [0, 3, 166, 38, 2], [0, 0, 13, 192, 21], [0, 0, 2, 38, 158]]",2026-09-27 17:33:50
tau_only,none,0.0,D,42,retrained in v25,1130,0.9097345132743363,0.90640272771588,0.9040236181473512,0.9890678208140686,0.8859649122807017,0.8706467661691543,True,,none,"[[284, 0, 0, 0, 2], [3, 197, 4, 0, 1], [0, 1, 170, 38, 1], [0, 0, 10, 202, 16], [0, 0, 3, 23, 175]]",2026-09-27 17:39:16
tau_only,delay,0.05,D,42,retrained in v25,1130,0.9097345132743363,0.90640272771588,0.9040236181473512,0.9890678208140686,0.8859649122807017,0.8706467661691543,True,,const 0.05,"[[284, 0, 0, 0, 2], [3, 197, 4, 0, 1], [0, 1, 170, 38, 1], [0, 0, 10, 202, 16], [0, 0, 3, 23, 175]]",2026-09-27 17:39:16
tau_only,delay,0.1,D,42,retrained in v25,1130,0.9097345132743363,0.90640272771588,0.9040236181473512,0.9890678208140686,0.8859649122807017,0.8706467661691543,True,,const 0.1,"[[284, 0, 0, 0, 2], [3, 197, 4, 0, 1], [0, 1, 170, 38, 1], [0, 0, 10, 202, 16], [0, 0, 3, 23, 175]]",2026-09-27 17:39:17
tau_only,delay,0.2,D,42,retrained in v25,1130,0.9097345132743363,0.90640272771588,0.9040236181473512,0.9890678208140686,0.8859649122807017,0.8706467661691543,True,,const 0.2,"[[284, 0, 0, 0, 2], [3, 197, 4, 0, 1], [0, 1, 170, 38, 1], [0, 0, 10, 202, 16], [0, 0, 3, 23, 175]]",2026-09-27 17:39:17
tau_only,delay,0.3,D,42,retrained in v25,1130,0.9097345132743363,0.90640272771588,0.9040236181473512,0.9890678208140686,0.8859649122807017,0.8706467661691543,True,,const 0.3,"[[284, 0, 0, 0, 2], [3, 197, 4, 0, 1], [0, 1, 170, 38, 1], [0, 0, 10, 202, 16], [0, 0, 3, 23, 175]]",2026-09-27 17:39:17
tau_only,jitter,0.02,D,42,retrained in v25,1130,0.9097345132743363,0.90640272771588,0.9040236181473512,0.9890678208140686,0.8859649122807017,0.8706467661691543,True,2025,f1cb9969e16c,"[[284, 0, 0, 0, 2], [3, 197, 4, 0, 1], [0, 1, 170, 38, 1], [0, 0, 10, 202, 16], [0, 0, 3, 23, 175]]",2026-09-27 17:39:18
tau_only,jitter,0.05,D,42,retrained in v25,1130,0.9097345132743363,0.90640272771588,0.9040236181473512,0.9890678208140686,0.8859649122807017,0.8706467661691543,True,2025,6699fc9f8d02,"[[284, 0, 0, 0, 2], [3, 197, 4, 0, 1], [0, 1, 170, 38, 1], [0, 0, 10, 202, 16], [0, 0, 3, 23, 175]]",2026-09-27 17:39:18
tau_only,jitter,0.1,D,42,retrained in v25,1130,0.9097345132743363,0.90640272771588,0.9040236181473512,0.9890678208140686,0.8859649122807017,0.8706467661691543,True,2025,79bae0987fe9,"[[284, 0, 0, 0, 2], [3, 197, 4, 0, 1], [0, 1, 170, 38, 1], [0, 0, 10, 202, 16], [0, 0, 3, 23, 175]]",2026-09-27 17:39:19
tau_only,jitter,0.2,D,42,retrained in v25,1130,0.9097345132743363,0.90640272771588,0.9040236181473512,0.9890678208140686,0.8859649122807017,0.8706467661691543,True,2025,1dd60fc1841b,"[[284, 0, 0, 0, 2], [3, 197, 4, 0, 1], [0, 1, 170, 38, 1], [0, 0, 10, 202, 16], [0, 0, 3, 23, 175]]",2026-09-27 17:39:19
content_shift,none,0.0,D,42,retrained in v25,1115,0.9147982062780269,0.9120237307144352,0.9094448399412824,0.98971114486226,0.8893805309734514,0.8787878787878788,True,,none,"[[279, 0, 0, 0, 0], [3, 197, 3, 0, 0], [0, 1, 169, 38, 1], [0, 0, 10, 201, 15], [0, 0, 1, 23, 174]]",2026-09-27 17:39:20
content_shift,delay,0.05,D,42,retrained in v25,1115,0.9121076233183857,0.9092803293756413,0.9065241566293556,0.9897793867883514,0.8761061946902655,0.8535353535353535,False,,const 0.05,"[[279, 0, 0, 0, 0], [3, 197, 2, 1, 0], [0, 1, 174, 33, 1], [0, 0, 7, 198, 21], [0, 0, 1, 28, 169]]",2026-09-27 17:39:20
content_shift,delay,0.1,D,42,retrained in v25,1115,0.9112107623318386,0.908147213406442,0.9055202273630553,0.9887318730309504,0.8938053097345132,0.8737373737373737,False,,const 0.1,"[[279, 0, 0, 0, 0], [3, 198, 1, 1, 0], [0, 3, 164, 41, 1], [0, 0, 6, 202, 18], [0, 0, 1, 24, 173]]",2026-09-27 17:39:21
content_shift,delay,0.2,D,42,retrained in v25,1115,0.9013452914798207,0.8979680225531963,0.8954102783150532,0.9881012208013763,0.8584070796460177,0.8585858585858586,False,,const 0.2,"[[279, 0, 0, 0, 0], [2, 198, 2, 0, 1], [0, 1, 164, 42, 2], [0, 0, 10, 194, 22], [0, 0, 1, 27, 170]]",2026-09-27 17:39:21
content_shift,delay,0.3,D,42,retrained in v25,1115,0.9022421524663677,0.8985096594672614,0.896116925598319,0.9882673650832379,0.8672566371681416,0.8484848484848485,False,,const 0.3,"[[279, 0, 0, 0, 0], [2, 198, 2, 0, 1], [0, 3, 165, 39, 2], [0, 0, 7, 196, 23], [0, 0, 2, 28, 168]]",2026-09-27 17:39:22
content_shift,jitter,0.02,D,42,retrained in v25,1115,0.9013452914798207,0.8980156951595497,0.8950314380007779,0.988629907607708,0.8716814159292036,0.8484848484848485,False,2025,f1cb9969e16c,"[[279, 0, 0, 0, 0], [3, 196, 4, 0, 0], [0, 2, 165, 41, 1], [0, 0, 6, 197, 23], [0, 0, 1, 29, 168]]",2026-09-27 17:39:22
content_shift,jitter,0.05,D,42,retrained in v25,1115,0.9121076233183857,0.9094339140478113,0.9067179906378146,0.990025727845692,0.8805309734513275,0.8787878787878788,False,2025,6699fc9f8d02,"[[279, 0, 0, 0, 0], [4, 197, 2, 0, 0], [0, 0, 168, 40, 1], [0, 0, 7, 199, 20], [0, 0, 1, 23, 174]]",2026-09-27 17:39:22
content_shift,jitter,0.1,D,42,retrained in v25,1115,0.9094170403587444,0.9064867397902449,0.9037441441148297,0.9887497801893719,0.8672566371681416,0.8484848484848485,False,2025,79bae0987fe9,"[[279, 0, 0, 0, 0], [4, 197, 1, 0, 1], [0, 1, 174, 33, 1], [0, 0, 7, 196, 23], [0, 0, 1, 29, 168]]",2026-09-27 17:39:23
content_shift,jitter,0.2,D,42,retrained in v25,1115,0.9076233183856502,0.9044066113312518,0.901357971361023,0.9895100469171177,0.8849557522123894,0.8282828282828283,False,2025,1dd60fc1841b,"[[279, 0, 0, 0, 0], [3, 198, 1, 0, 1], [0, 2, 171, 34, 2], [0, 0, 6, 200, 20], [0, 0, 1, 33, 164]]",2026-09-27 17:39:23
tau_only,none,0.0,C,123,retrained in v25,1130,0.8884955752212389,0.8838406391126263,0.880942616928094,0.9853528858095087,0.8640350877192983,0.7711442786069652,True,,none,"[[283, 0, 1, 0, 2], [2, 197, 5, 0, 1], [0, 4, 172, 32, 2], [0, 0, 7, 197, 24], [0, 0, 3, 43, 155]]",2026-09-27 17:43:13
tau_only,delay,0.05,C,123,retrained in v25,1130,0.8884955752212389,0.8840211453987713,0.8808775288347261,0.9849970956653923,0.8728070175438597,0.7810945273631841,False,,const 0.05,"[[283, 0, 1, 0, 2], [2, 197, 5, 0, 1], [0, 4, 168, 36, 2], [0, 0, 3, 199, 26], [0, 0, 3, 41, 157]]",2026-09-27 17:43:14
tau_only,delay,0.1,C,123,retrained in v25,1130,0.8769911504424779,0.8723208160433247,0.8691306242598561,0.9840894037414311,0.8333333333333334,0.7761194029850746,False,,const 0.1,"[[283, 0, 1, 0, 2], [2, 197, 5, 0, 1], [0, 4, 165, 39, 2], [0, 0, 4, 190, 34], [0, 0, 3, 42, 156]]",2026-09-27 17:43:14
tau_only,delay,0.2,C,123,retrained in v25,1130,0.8769911504424779,0.8721284800238376,0.868871731669808,0.9843565724887835,0.8421052631578947,0.7661691542288557,False,,const 0.2,"[[283, 0, 1, 0, 2], [2, 196, 6, 0, 1], [0, 4, 166, 38, 2], [0, 0, 7, 192, 29], [0, 0, 3, 44, 154]]",2026-09-27 17:43:15
tau_only,delay,0.3,C,123,retrained in v25,1130,0.8823008849557522,0.877681604201982,0.8749597128167051,0.9844119414301824,0.8377192982456141,0.8009950248756219,False,,const 0.3,"[[283, 0, 1, 0, 2], [2, 196, 6, 0, 1], [0, 4, 166, 38, 2], [0, 0, 6, 191, 31], [0, 0, 3, 37, 161]]",2026-09-27 17:43:15
tau_only,jitter,0.02,C,123,retrained in v25,1130,0.8769911504424779,0.8719945356760924,0.8687864438233263,0.9838909961090618,0.8421052631578947,0.7562189054726368,False,2025,f1cb9969e16c,"[[283, 0, 1, 0, 2], [2, 196, 6, 0, 1], [0, 4, 168, 36, 2], [0, 0, 10, 192, 26], [0, 0, 3, 46, 152]]",2026-09-27 17:43:16
tau_only,jitter,0.05,C,123,retrained in v25,1130,0.8831858407079646,0.8783940531996126,0.875293419307176,0.9845864352937846,0.8552631578947368,0.7611940298507462,False,2025,6699fc9f8d02,"[[283, 0, 1, 0, 2], [2, 197, 5, 0, 1], [0, 4, 170, 34, 2], [0, 0, 7, 195, 26], [0, 0, 3, 45, 153]]",2026-09-27 17:43:16
tau_only,jitter,0.1,C,123,retrained in v25,1130,0.8805309734513275,0.8759493223583308,0.8727471282062895,0.9846797478016555,0.8421052631578947,0.7711442786069652,False,2025,79bae0987fe9,"[[283, 0, 1, 0, 2], [2, 197, 5, 0, 1], [0, 3, 168, 37, 2], [0, 0, 7, 192, 29], [0, 0, 3, 43, 155]]",2026-09-27 17:43:17
tau_only,jitter,0.2,C,123,retrained in v25,1130,0.8716814159292036,0.8668047209315668,0.8632939083346226,0.9829744533788034,0.8289473684210527,0.7611940298507462,False,2025,1dd60fc1841b,"[[283, 0, 1, 0, 2], [2, 194, 8, 0, 1], [0, 3, 166, 39, 2], [0, 0, 7, 189, 32], [0, 0, 3, 45, 153]]",2026-09-27 17:43:17
content_shift,none,0.0,C,123,retrained in v25,1115,0.8932735426008969,0.889175397445673,0.8860150706981503,0.9861785316526259,0.8672566371681416,0.7777777777777778,True,,none,"[[278, 0, 1, 0, 0], [2, 197, 4, 0, 0], [0, 4, 171, 32, 2], [0, 0, 6, 196, 24], [0, 0, 1, 43, 154]]",2026-09-27 17:43:18
content_shift,delay,0.05,C,123,retrained in v25,1115,0.8959641255605382,0.8919029052178896,0.8886982218306212,0.9870520473350382,0.8805309734513275,0.7777777777777778,False,,const 0.05,"[[278, 0, 1, 0, 0], [2, 198, 3, 0, 0], [0, 4, 170, 32, 3], [0, 0, 4, 199, 23], [0, 0, 1, 43, 154]]",2026-09-27 17:43:18
content_shift,delay,0.1,C,123,retrained in v25,1115,0.8878923766816144,0.8837123162494231,0.8802075223565128,0.9847317982472553,0.8761061946902655,0.7878787878787878,False,,const 0.1,"[[278, 0, 1, 0, 0], [2, 196, 5, 0, 0], [0, 4, 162, 40, 3], [0, 0, 4, 198, 24], [0, 0, 1, 41, 156]]",2026-09-27 17:43:19
content_shift,delay,0.2,C,123,retrained in v25,1115,0.884304932735426,0.8799886412439243,0.8762580304430614,0.986728524255051,0.8805309734513275,0.7777777777777778,False,,const 0.2,"[[278, 0, 1, 0, 0], [1, 198, 4, 0, 0], [0, 4, 157, 45, 3], [0, 0, 4, 199, 23], [0, 0, 1, 43, 154]]",2026-09-27 17:43:19
content_shift,delay,0.3,C,123,retrained in v25,1115,0.895067264573991,0.8906305419808795,0.8875724406026926,0.9876500964201359,0.8893805309734514,0.7727272727272727,False,,const 0.3,"[[278, 0, 1, 0, 0], [1, 199, 3, 0, 0], [0, 5, 167, 34, 3], [0, 0, 5, 201, 20], [0, 0, 2, 43, 153]]",2026-09-27 17:43:19
content_shift,jitter,0.02,C,123,retrained in v25,1115,0.8825112107623319,0.878120069379943,0.8744348444832293,0.9859444597135955,0.8584070796460177,0.7575757575757576,False,2025,f1cb9969e16c,"[[278, 0, 1, 0, 0], [2, 196, 5, 0, 0], [0, 4, 166, 37, 2], [0, 0, 8, 194, 24], [0, 0, 1, 47, 150]]",2026-09-27 17:45:10
content_shift,jitter,0.05,C,123,retrained in v25,1115,0.885201793721973,0.8808488217960233,0.8776562143188,0.9859450288652111,0.8451327433628318,0.7676767676767676,False,2025,6699fc9f8d02,"[[278, 0, 1, 0, 0], [2, 197, 4, 0, 0], [0, 4, 169, 34, 2], [0, 0, 12, 191, 23], [0, 0, 1, 45, 152]]",2026-09-27 17:45:11
content_shift,jitter,0.1,C,123,retrained in v25,1115,0.8860986547085202,0.8817650560878469,0.8781719060411476,0.9871769628331691,0.8805309734513275,0.7777777777777778,False,2025,79bae0987fe9,"[[278, 0, 1, 0, 0], [1, 198, 4, 0, 0], [0, 5, 159, 43, 2], [0, 0, 7, 199, 20], [0, 0, 1, 43, 154]]",2026-09-27 17:45:11
content_shift,jitter,0.2,C,123,retrained in v25,1115,0.8923766816143498,0.8884501502981415,0.8853891369469669,0.9884086290965313,0.8716814159292036,0.7878787878787878,False,2025,1dd60fc1841b,"[[277, 1, 1, 0, 0], [1, 199, 3, 0, 0], [0, 4, 166, 37, 2], [0, 0, 6, 197, 23], [0, 0, 1, 41, 156]]",2026-09-27 17:45:12
tau_only,none,0.0,D,123,retrained in v25,1130,0.8991150442477877,0.894796448034539,0.8915204180283789,0.9882101818367766,0.8991228070175439,0.7661691542288557,True,,none,"[[284, 1, 1, 0, 0], [1, 199, 4, 0, 1], [0, 4, 174, 32, 0], [0, 0, 8, 205, 15], [1, 0, 2, 44, 154]]",2026-09-27 17:48:16
tau_only,delay,0.05,D,123,retrained in v25,1130,0.8991150442477877,0.894796448034539,0.8915204180283789,0.9882101818367766,0.8991228070175439,0.7661691542288557,True,,const 0.05,"[[284, 1, 1, 0, 0], [1, 199, 4, 0, 1], [0, 4, 174, 32, 0], [0, 0, 8, 205, 15], [1, 0, 2, 44, 154]]",2026-09-27 17:48:17
tau_only,delay,0.1,D,123,retrained in v25,1130,0.8991150442477877,0.894796448034539,0.8915204180283789,0.9882101818367766,0.8991228070175439,0.7661691542288557,True,,const 0.1,"[[284, 1, 1, 0, 0], [1, 199, 4, 0, 1], [0, 4, 174, 32, 0], [0, 0, 8, 205, 15], [1, 0, 2, 44, 154]]",2026-09-27 17:48:17
tau_only,delay,0.2,D,123,retrained in v25,1130,0.8991150442477877,0.894796448034539,0.8915204180283789,0.9882101818367766,0.8991228070175439,0.7661691542288557,True,,const 0.2,"[[284, 1, 1, 0, 0], [1, 199, 4, 0, 1], [0, 4, 174, 32, 0], [0, 0, 8, 205, 15], [1, 0, 2, 44, 154]]",2026-09-27 17:48:18
tau_only,delay,0.3,D,123,retrained in v25,1130,0.8991150442477877,0.894796448034539,0.8915204180283789,0.9882101818367766,0.8991228070175439,0.7661691542288557,True,,const 0.3,"[[284, 1, 1, 0, 0], [1, 199, 4, 0, 1], [0, 4, 174, 32, 0], [0, 0, 8, 205, 15], [1, 0, 2, 44, 154]]",2026-09-27 17:48:18
tau_only,jitter,0.02,D,123,retrained in v25,1130,0.8991150442477877,0.894796448034539,0.8915204180283789,0.9882101818367766,0.8991228070175439,0.7661691542288557,True,2025,f1cb9969e16c,"[[284, 1, 1, 0, 0], [1, 199, 4, 0, 1], [0, 4, 174, 32, 0], [0, 0, 8, 205, 15], [1, 0, 2, 44, 154]]",2026-09-27 17:48:19
tau_only,jitter,0.05,D,123,retrained in v25,1130,0.8991150442477877,0.894796448034539,0.8915204180283789,0.9882101818367766,0.8991228070175439,0.7661691542288557,True,2025,6699fc9f8d02,"[[284, 1, 1, 0, 0], [1, 199, 4, 0, 1], [0, 4, 174, 32, 0], [0, 0, 8, 205, 15], [1, 0, 2, 44, 154]]",2026-09-27 17:48:19
tau_only,jitter,0.1,D,123,retrained in v25,1130,0.8991150442477877,0.894796448034539,0.8915204180283789,0.9882101818367766,0.8991228070175439,0.7661691542288557,True,2025,79bae0987fe9,"[[284, 1, 1, 0, 0], [1, 199, 4, 0, 1], [0, 4, 174, 32, 0], [0, 0, 8, 205, 15], [1, 0, 2, 44, 154]]",2026-09-27 17:48:20
tau_only,jitter,0.2,D,123,retrained in v25,1130,0.8991150442477877,0.894796448034539,0.8915204180283789,0.9882101818367766,0.8991228070175439,0.7661691542288557,True,2025,1dd60fc1841b,"[[284, 1, 1, 0, 0], [1, 199, 4, 0, 1], [0, 4, 174, 32, 0], [0, 0, 8, 205, 15], [1, 0, 2, 44, 154]]",2026-09-27 17:48:20
content_shift,none,0.0,D,123,retrained in v25,1115,0.9040358744394619,0.9003735444956295,0.8969790356636892,0.9890113466822698,0.9026548672566371,0.7777777777777778,True,,none,"[[278, 1, 0, 0, 0], [1, 199, 3, 0, 0], [0, 4, 173, 32, 0], [0, 0, 7, 204, 15], [0, 0, 1, 43, 154]]",2026-09-27 17:48:20
content_shift,delay,0.05,D,123,retrained in v25,1115,0.9067264573991032,0.9027691424964053,0.8995463953339831,0.9892907059687058,0.911504424778761,0.7626262626262627,False,,const 0.05,"[[278, 1, 0, 0, 0], [1, 199, 3, 0, 0], [0, 4, 177, 27, 1], [0, 0, 8, 206, 12], [0, 0, 1, 46, 151]]",2026-09-27 17:48:21
content_shift,delay,0.1,D,123,retrained in v25,1115,0.8959641255605382,0.8917917158204929,0.8883167255575039,0.9868967866582679,0.8893805309734514,0.7525252525252525,False,,const 0.1,"[[278, 1, 0, 0, 0], [1, 199, 3, 0, 0], [0, 4, 172, 32, 1], [0, 0, 8, 201, 17], [0, 0, 1, 48, 149]]",2026-09-27 17:48:21
content_shift,delay,0.2,D,123,retrained in v25,1115,0.9049327354260089,0.9013226932820416,0.8980954630959062,0.9894679538889607,0.9026548672566371,0.7929292929292929,False,,const 0.2,"[[278, 1, 0, 0, 0], [1, 199, 3, 0, 0], [0, 4, 171, 33, 1], [0, 0, 9, 204, 13], [0, 0, 1, 40, 157]]",2026-09-27 17:48:22
content_shift,delay,0.3,D,123,retrained in v25,1115,0.9022421524663677,0.8980328420216429,0.8942799441429861,0.9886662216041563,0.9247787610619469,0.7373737373737373,False,,const 0.3,"[[278, 1, 0, 0, 0], [1, 199, 3, 0, 0], [0, 4, 174, 30, 1], [0, 0, 7, 209, 10], [0, 0, 1, 51, 146]]",2026-09-27 17:48:22
content_shift,jitter,0.02,D,123,retrained in v25,1115,0.8977578475336323,0.8937924782224579,0.8900866370619285,0.9871540968401218,0.8982300884955752,0.7525252525252525,False,2025,f1cb9969e16c,"[[278, 1, 0, 0, 0], [1, 199, 3, 0, 0], [0, 4, 172, 33, 0], [0, 0, 9, 203, 14], [0, 0, 1, 48, 149]]",2026-09-27 17:48:23
content_shift,jitter,0.05,D,123,retrained in v25,1115,0.8986547085201794,0.8947341510024819,0.8910152909851379,0.9889297607475699,0.8982300884955752,0.7525252525252525,False,2025,6699fc9f8d02,"[[278, 1, 0, 0, 0], [2, 198, 3, 0, 0], [0, 4, 174, 31, 0], [0, 0, 11, 203, 12], [0, 0, 1, 48, 149]]",2026-09-27 17:48:23
content_shift,jitter,0.1,D,123,retrained in v25,1115,0.8896860986547085,0.8857314500583534,0.8815367138773107,0.988409854347735,0.8893805309734514,0.7474747474747475,False,2025,79bae0987fe9,"[[278, 1, 0, 0, 0], [2, 198, 3, 0, 0], [0, 4, 167, 38, 0], [0, 0, 12, 201, 13], [0, 0, 1, 49, 148]]",2026-09-27 17:48:24
content_shift,jitter,0.2,D,123,retrained in v25,1115,0.895067264573991,0.8911615800137097,0.8873846670936849,0.9897904352851217,0.8893805309734514,0.7575757575757576,False,2025,1dd60fc1841b,"[[278, 1, 0, 0, 0], [2, 198, 3, 0, 0], [0, 4, 171, 34, 0], [0, 0, 10, 201, 15], [0, 0, 1, 47, 150]]",2026-09-27 17:48:24
tau_only,none,0.0,C,2024,retrained in v25,1130,0.879646017699115,0.8742357339300486,0.8720160236240938,0.9862877500842927,0.8157894736842105,0.7711442786069652,True,,none,"[[284, 0, 0, 0, 2], [2, 198, 4, 0, 1], [0, 5, 171, 33, 1], [0, 0, 13, 186, 29], [0, 1, 4, 41, 155]]",2026-09-27 17:54:14
tau_only,delay,0.05,C,2024,retrained in v25,1130,0.879646017699115,0.8742805250297527,0.871940835654169,0.9861552183844771,0.8201754385964912,0.7711442786069652,False,,const 0.05,"[[284, 0, 0, 0, 2], [2, 198, 4, 0, 1], [0, 5, 170, 34, 1], [0, 0, 12, 187, 29], [0, 1, 4, 41, 155]]",2026-09-27 17:54:14
tau_only,delay,0.1,C,2024,retrained in v25,1130,0.8787610619469026,0.873652768305219,0.8714020107712749,0.9856990305737879,0.8157894736842105,0.7810945273631841,False,,const 0.1,"[[283, 1, 0, 0, 2], [2, 198, 4, 0, 1], [0, 4, 169, 36, 1], [0, 0, 13, 186, 29], [0, 1, 4, 39, 157]]",2026-09-27 17:54:15
tau_only,delay,0.2,C,2024,retrained in v25,1130,0.8849557522123894,0.8800487136135141,0.8781640651609806,0.9861522922078944,0.8201754385964912,0.8009950248756219,False,,const 0.2,"[[283, 1, 0, 0, 2], [2, 198, 4, 0, 1], [0, 4, 171, 33, 2], [0, 0, 13, 187, 28], [0, 1, 3, 36, 161]]",2026-09-27 17:54:15
tau_only,delay,0.3,C,2024,retrained in v25,1130,0.8840707964601769,0.8793484813435685,0.8768907325757862,0.986144606616902,0.8289473684210527,0.7810945273631841,False,,const 0.3,"[[283, 1, 0, 0, 2], [2, 198, 4, 0, 1], [0, 3, 172, 34, 1], [0, 0, 12, 189, 27], [0, 1, 3, 40, 157]]",2026-09-27 17:54:16
tau_only,jitter,0.02,C,2024,retrained in v25,1130,0.8831858407079646,0.8779697333609,0.8756852713703249,0.986708236202239,0.8289473684210527,0.7810945273631841,False,2025,f1cb9969e16c,"[[284, 0, 0, 0, 2], [2, 198, 4, 0, 1], [0, 5, 170, 34, 1], [0, 0, 12, 189, 27], [0, 1, 4, 39, 157]]",2026-09-27 17:54:16
tau_only,jitter,0.05,C,2024,retrained in v25,1130,0.8831858407079646,0.8779980109958615,0.875727915293566,0.986750089143445,0.8289473684210527,0.7860696517412935,False,2025,6699fc9f8d02,"[[284, 0, 0, 0, 2], [2, 198, 4, 0, 1], [0, 5, 169, 35, 1], [0, 0, 13, 189, 26], [0, 1, 4, 38, 158]]",2026-09-27 17:54:17
tau_only,jitter,0.1,C,2024,retrained in v25,1130,0.8867256637168142,0.8817800243471057,0.87938706316324,0.9869214692847624,0.8377192982456141,0.7860696517412935,False,2025,79bae0987fe9,"[[284, 0, 0, 0, 2], [2, 198, 4, 0, 1], [0, 4, 171, 34, 1], [0, 0, 12, 191, 25], [0, 1, 4, 38, 158]]",2026-09-27 17:54:17
tau_only,jitter,0.2,C,2024,retrained in v25,1130,0.8858407079646018,0.8810809670486222,0.8783493943643773,0.9862137511761709,0.8377192982456141,0.7761194029850746,False,2025,1dd60fc1841b,"[[284, 0, 0, 0, 2], [2, 198, 4, 0, 1], [0, 3, 172, 34, 1], [0, 0, 12, 191, 25], [0, 1, 3, 41, 156]]",2026-09-27 17:54:18
content_shift,none,0.0,C,2024,retrained in v25,1115,0.884304932735426,0.8793496633866903,0.8769005419198953,0.9871223190648102,0.8230088495575221,0.7727272727272727,True,,none,"[[279, 0, 0, 0, 0], [2, 198, 3, 0, 0], [0, 5, 170, 33, 1], [0, 0, 13, 186, 27], [0, 0, 4, 41, 153]]",2026-09-27 17:54:18
content_shift,delay,0.05,C,2024,retrained in v25,1115,0.885201793721973,0.8805825381175779,0.8775163883205577,0.9882676927836268,0.8407079646017699,0.7676767676767676,False,,const 0.05,"[[279, 0, 0, 0, 0], [2, 198, 3, 0, 0], [0, 3, 168, 37, 1], [0, 0, 13, 190, 23], [0, 0, 5, 41, 152]]",2026-09-27 17:54:19
content_shift,delay,0.1,C,2024,retrained in v25,1115,0.8932735426008969,0.8886401417239339,0.8860596136683057,0.9889530617164526,0.8628318584070797,0.797979797979798,False,,const 0.1,"[[279, 0, 0, 0, 0], [2, 197, 4, 0, 0], [0, 6, 167, 35, 1], [0, 0, 9, 195, 22], [0, 0, 4, 36, 158]]",2026-09-27 17:54:19
content_shift,delay,0.2,C,2024,retrained in v25,1115,0.8860986547085202,0.8816994735044517,0.8792638689868599,0.9873071129381991,0.8362831858407079,0.8131313131313131,False,,const 0.2,"[[278, 1, 0, 0, 0], [2, 198, 2, 1, 0], [0, 5, 162, 41, 1], [0, 0, 15, 189, 22], [0, 0, 4, 33, 161]]",2026-09-27 17:54:20
content_shift,delay,0.3,C,2024,retrained in v25,1115,0.8878923766816144,0.8831492785770212,0.8798645085540995,0.9879625056325411,0.8761061946902655,0.7727272727272727,False,,const 0.3,"[[279, 0, 0, 0, 0], [2, 198, 2, 1, 0], [0, 5, 162, 41, 1], [0, 0, 8, 198, 20], [0, 0, 6, 39, 153]]",2026-09-27 17:54:20
content_shift,jitter,0.02,C,2024,retrained in v25,1115,0.8807174887892377,0.8754292801460319,0.8722532304258209,0.9863979089774132,0.8407079646017699,0.7222222222222222,False,2025,f1cb9969e16c,"[[279, 0, 0, 0, 0], [2, 198, 3, 0, 0], [0, 4, 172, 32, 1], [0, 0, 13, 190, 23], [0, 0, 4, 51, 143]]",2026-09-27 17:56:11
content_shift,jitter,0.05,C,2024,retrained in v25,1115,0.8905829596412556,0.885596494917986,0.8828105972943195,0.9892159374708788,0.8584070796460177,0.7525252525252525,False,2025,6699fc9f8d02,"[[279, 0, 0, 0, 0], [2, 198, 3, 0, 0], [0, 5, 173, 30, 1], [0, 0, 15, 194, 17], [0, 0, 5, 44, 149]]",2026-09-27 17:56:11
content_shift,jitter,0.1,C,2024,retrained in v25,1115,0.8932735426008969,0.8888856372092873,0.8857500994420192,0.9888003169936004,0.8672566371681416,0.7727272727272727,False,2025,79bae0987fe9,"[[279, 0, 0, 0, 0], [2, 198, 3, 0, 0], [0, 3, 170, 35, 1], [0, 0, 11, 196, 19], [0, 0, 5, 40, 153]]",2026-09-27 17:56:12
content_shift,jitter,0.2,C,2024,retrained in v25,1115,0.8923766816143498,0.8879430722061364,0.8854275081733217,0.9884426296046008,0.8495575221238938,0.7828282828282829,False,2025,1dd60fc1841b,"[[278, 1, 0, 0, 0], [2, 198, 2, 0, 1], [0, 4, 172, 32, 1], [0, 0, 12, 192, 22], [0, 0, 4, 39, 155]]",2026-09-27 17:56:12
tau_only,none,0.0,D,2024,retrained in v25,1130,0.8867256637168142,0.8824386737488268,0.8794072629163541,0.9864377660864745,0.8464912280701754,0.8059701492537313,True,,none,"[[284, 1, 0, 0, 1], [0, 198, 6, 0, 1], [0, 2, 165, 42, 1], [0, 0, 11, 193, 24], [0, 0, 2, 37, 162]]",2026-09-27 18:01:38
tau_only,delay,0.05,D,2024,retrained in v25,1130,0.8867256637168142,0.8824386737488268,0.8794072629163541,0.9864377660864745,0.8464912280701754,0.8059701492537313,True,,const 0.05,"[[284, 1, 0, 0, 1], [0, 198, 6, 0, 1], [0, 2, 165, 42, 1], [0, 0, 11, 193, 24], [0, 0, 2, 37, 162]]",2026-09-27 18:01:38
tau_only,delay,0.1,D,2024,retrained in v25,1130,0.8867256637168142,0.8824386737488268,0.8794072629163541,0.9864377660864745,0.8464912280701754,0.8059701492537313,True,,const 0.1,"[[284, 1, 0, 0, 1], [0, 198, 6, 0, 1], [0, 2, 165, 42, 1], [0, 0, 11, 193, 24], [0, 0, 2, 37, 162]]",2026-09-27 18:01:39
tau_only,delay,0.2,D,2024,retrained in v25,1130,0.8867256637168142,0.8824386737488268,0.8794072629163541,0.9864377660864745,0.8464912280701754,0.8059701492537313,True,,const 0.2,"[[284, 1, 0, 0, 1], [0, 198, 6, 0, 1], [0, 2, 165, 42, 1], [0, 0, 11, 193, 24], [0, 0, 2, 37, 162]]",2026-09-27 18:01:39
tau_only,delay,0.3,D,2024,retrained in v25,1130,0.8867256637168142,0.8824386737488268,0.8794072629163541,0.9864377660864745,0.8464912280701754,0.8059701492537313,True,,const 0.3,"[[284, 1, 0, 0, 1], [0, 198, 6, 0, 1], [0, 2, 165, 42, 1], [0, 0, 11, 193, 24], [0, 0, 2, 37, 162]]",2026-09-27 18:01:40
tau_only,jitter,0.02,D,2024,retrained in v25,1130,0.8867256637168142,0.8824386737488268,0.8794072629163541,0.9864377660864745,0.8464912280701754,0.8059701492537313,True,2025,f1cb9969e16c,"[[284, 1, 0, 0, 1], [0, 198, 6, 0, 1], [0, 2, 165, 42, 1], [0, 0, 11, 193, 24], [0, 0, 2, 37, 162]]",2026-09-27 18:01:40
tau_only,jitter,0.05,D,2024,retrained in v25,1130,0.8867256637168142,0.8824386737488268,0.8794072629163541,0.9864377660864745,0.8464912280701754,0.8059701492537313,True,2025,6699fc9f8d02,"[[284, 1, 0, 0, 1], [0, 198, 6, 0, 1], [0, 2, 165, 42, 1], [0, 0, 11, 193, 24], [0, 0, 2, 37, 162]]",2026-09-27 18:01:41
tau_only,jitter,0.1,D,2024,retrained in v25,1130,0.8867256637168142,0.8824386737488268,0.8794072629163541,0.9864377660864745,0.8464912280701754,0.8059701492537313,True,2025,79bae0987fe9,"[[284, 1, 0, 0, 1], [0, 198, 6, 0, 1], [0, 2, 165, 42, 1], [0, 0, 11, 193, 24], [0, 0, 2, 37, 162]]",2026-09-27 18:01:41
tau_only,jitter,0.2,D,2024,retrained in v25,1130,0.8867256637168142,0.8824386737488268,0.8794072629163541,0.9864377660864745,0.8464912280701754,0.8059701492537313,True,2025,1dd60fc1841b,"[[284, 1, 0, 0, 1], [0, 198, 6, 0, 1], [0, 2, 165, 42, 1], [0, 0, 11, 193, 24], [0, 0, 2, 37, 162]]",2026-09-27 18:01:42
content_shift,none,0.0,D,2024,retrained in v25,1115,0.8896860986547085,0.8859520957318091,0.8828225108314822,0.9873199266611488,0.8495575221238938,0.8080808080808081,True,,none,"[[278, 1, 0, 0, 0], [0, 198, 5, 0, 0], [0, 2, 164, 42, 1], [0, 0, 11, 192, 23], [0, 0, 1, 37, 160]]",2026-09-27 18:01:42
content_shift,delay,0.05,D,2024,retrained in v25,1115,0.8977578475336323,0.8940895160555916,0.8913784945155514,0.9882333751611094,0.8628318584070797,0.8232323232323232,False,,const 0.05,"[[278, 1, 0, 0, 0], [0, 198, 5, 0, 0], [0, 2, 167, 39, 1], [0, 0, 7, 195, 24], [0, 0, 2, 33, 163]]",2026-09-27 18:01:43
content_shift,delay,0.1,D,2024,retrained in v25,1115,0.8932735426008969,0.8895272044790257,0.8862527141219555,0.9882875785952869,0.8805309734513275,0.8181818181818182,False,,const 0.1,"[[278, 1, 0, 0, 0], [0, 198, 5, 0, 0], [0, 3, 159, 46, 1], [0, 0, 8, 199, 19], [0, 0, 1, 35, 162]]",2026-09-27 18:01:43
content_shift,delay,0.2,D,2024,retrained in v25,1115,0.8968609865470852,0.8932454548295976,0.89015850786441,0.9880537868311668,0.8805309734513275,0.8282828282828283,False,,const 0.2,"[[278, 1, 0, 0, 0], [0, 197, 6, 0, 0], [0, 2, 162, 44, 1], [0, 0, 9, 199, 18], [0, 0, 2, 32, 164]]",2026-09-27 18:01:43
content_shift,delay,0.3,D,2024,retrained in v25,1115,0.9004484304932735,0.8964471200808892,0.8935920044511436,0.9887670679461535,0.8982300884955752,0.8181818181818182,False,,const 0.3,"[[278, 1, 0, 0, 0], [0, 197, 6, 0, 0], [0, 4, 164, 40, 1], [0, 0, 5, 203, 18], [0, 0, 3, 33, 162]]",2026-09-27 18:01:44
content_shift,jitter,0.02,D,2024,retrained in v25,1115,0.8896860986547085,0.8858889192794861,0.8820433554083167,0.987727045136479,0.8761061946902655,0.7777777777777778,False,2025,f1cb9969e16c,"[[278, 1, 0, 0, 0], [0, 197, 6, 0, 0], [0, 2, 165, 41, 1], [0, 0, 7, 198, 21], [0, 0, 1, 43, 154]]",2026-09-27 18:01:44
content_shift,jitter,0.05,D,2024,retrained in v25,1115,0.9040358744394619,0.900634845565609,0.8974325139836372,0.9898683682337109,0.8893805309734514,0.803030303030303,False,2025,6699fc9f8d02,"[[278, 1, 0, 0, 0], [0, 198, 5, 0, 0], [0, 2, 172, 34, 1], [0, 0, 11, 201, 14], [0, 0, 1, 38, 159]]",2026-09-27 18:01:45
content_shift,jitter,0.1,D,2024,retrained in v25,1115,0.9049327354260089,0.9016603717661462,0.8985644669553665,0.9886908692381088,0.8982300884955752,0.8333333333333334,False,2025,79bae0987fe9,"[[278, 1, 0, 0, 0], [0, 198, 5, 0, 0], [0, 2, 165, 41, 1], [0, 0, 7, 203, 16], [0, 0, 1, 32, 165]]",2026-09-27 18:01:45
content_shift,jitter,0.2,D,2024,retrained in v25,1115,0.9004484304932735,0.8967543619706136,0.8934607986938035,0.9900475620937572,0.8982300884955752,0.803030303030303,False,2025,1dd60fc1841b,"[[278, 1, 0, 0, 0], [0, 198, 5, 0, 0], [0, 3, 166, 39, 1], [0, 0, 8, 203, 15], [0, 0, 2, 37, 159]]",2026-09-27 18:01:46
tau_only,none,0.0,C,7,retrained in v25,1130,0.8964601769911504,0.8920671005070464,0.890241547389824,0.988482645383107,0.8421052631578947,0.8308457711442786,True,,none,"[[284, 1, 1, 0, 0], [1, 201, 3, 0, 0], [0, 5, 169, 35, 1], [0, 0, 20, 192, 16], [0, 1, 2, 31, 167]]",2026-09-27 18:05:38
tau_only,delay,0.05,C,7,retrained in v25,1130,0.8955752212389381,0.8910748205065107,0.8891612346677202,0.988232508886392,0.8421052631578947,0.8159203980099502,False,,const 0.05,"[[284, 1, 1, 0, 0], [1, 201, 3, 0, 0], [0, 5, 171, 33, 1], [0, 0, 19, 192, 17], [0, 1, 2, 34, 164]]",2026-09-27 18:05:39
tau_only,delay,0.1,C,7,retrained in v25,1130,0.9008849557522124,0.8963434631529864,0.8949840370322043,0.9885501104961995,0.8421052631578947,0.8258706467661692,False,,const 0.1,"[[284, 1, 1, 0, 0], [1, 202, 2, 0, 0], [0, 6, 174, 29, 1], [0, 0, 18, 192, 18], [0, 1, 2, 32, 166]]",2026-09-27 18:05:39
tau_only,delay,0.2,C,7,retrained in v25,1130,0.8955752212389381,0.8909915252922801,0.8893449392878434,0.9881070114025094,0.8377192982456141,0.8258706467661692,False,,const 0.2,"[[284, 1, 1, 0, 0], [1, 202, 2, 0, 0], [0, 5, 169, 35, 1], [0, 0, 19, 191, 18], [0, 1, 3, 31, 166]]",2026-09-27 18:05:40
tau_only,delay,0.3,C,7,retrained in v25,1130,0.8982300884955752,0.8934830819704918,0.8919959333547363,0.988689563186918,0.8508771929824561,0.8308457711442786,False,,const 0.3,"[[284, 1, 1, 0, 0], [1, 201, 3, 0, 0], [0, 7, 169, 33, 1], [0, 0, 17, 194, 17], [0, 1, 3, 30, 167]]",2026-09-27 18:05:40
tau_only,jitter,0.02,C,7,retrained in v25,1130,0.8955752212389381,0.8912101013789815,0.8895379591509341,0.9882531618446079,0.8289473684210527,0.8308457711442786,False,2025,f1cb9969e16c,"[[284, 1, 1, 0, 0], [1, 202, 2, 0, 0], [0, 4, 170, 35, 1], [0, 0, 21, 189, 18], [0, 1, 2, 31, 167]]",2026-09-27 18:05:41
tau_only,jitter,0.05,C,7,retrained in v25,1130,0.8991150442477877,0.8948719288763882,0.8932165221401325,0.9883276338290099,0.8377192982456141,0.835820895522388,False,2025,6699fc9f8d02,"[[284, 1, 1, 0, 0], [1, 201, 3, 0, 0], [0, 4, 172, 33, 1], [0, 0, 20, 191, 17], [0, 1, 2, 30, 168]]",2026-09-27 18:05:41
tau_only,jitter,0.1,C,7,retrained in v25,1130,0.9035398230088496,0.8993818165740413,0.8977528629922629,0.9888455223285859,0.8508771929824561,0.835820895522388,False,2025,79bae0987fe9,"[[284, 1, 1, 0, 0], [1, 201, 3, 0, 0], [0, 4, 174, 31, 1], [0, 0, 16, 194, 18], [0, 1, 2, 30, 168]]",2026-09-27 18:05:42
tau_only,jitter,0.2,C,7,retrained in v25,1130,0.8955752212389381,0.8910039612001686,0.8891713345442774,0.9882429256403347,0.8464912280701754,0.8258706467661692,False,2025,1dd60fc1841b,"[[284, 1, 1, 0, 0], [1, 201, 3, 0, 0], [0, 5, 168, 36, 1], [0, 0, 17, 193, 18], [0, 1, 3, 31, 166]]",2026-09-27 18:05:42
content_shift,none,0.0,C,7,retrained in v25,1115,0.9013452914798207,0.8976120345028178,0.8955233025740391,0.9891007122027247,0.8451327433628318,0.8434343434343434,True,,none,"[[279, 0, 0, 0, 0], [1, 200, 2, 0, 0], [0, 5, 168, 35, 1], [0, 0, 19, 191, 16], [0, 0, 0, 31, 167]]",2026-09-27 18:05:43
content_shift,delay,0.05,C,7,retrained in v25,1115,0.9139013452914798,0.9106004922025466,0.9091236195648126,0.9907292840820286,0.8407079646017699,0.8585858585858586,False,,const 0.05,"[[279, 0, 0, 0, 0], [2, 199, 2, 0, 0], [0, 2, 181, 25, 1], [0, 0, 14, 190, 22], [0, 0, 0, 28, 170]]",2026-09-27 18:05:43
content_shift,delay,0.1,C,7,retrained in v25,1115,0.9040358744394619,0.9001345790229831,0.8981155415795572,0.9892645657912702,0.8539823008849557,0.8333333333333334,False,,const 0.1,"[[279, 0, 0, 0, 0], [1, 199, 3, 0, 0], [0, 6, 172, 30, 1], [0, 0, 16, 193, 17], [0, 0, 0, 33, 165]]",2026-09-27 18:05:44
content_shift,delay,0.2,C,7,retrained in v25,1115,0.8959641255605382,0.8919551627385139,0.889547436896585,0.9880985186028726,0.831858407079646,0.797979797979798,False,,const 0.2,"[[279, 0, 0, 0, 0], [2, 201, 0, 0, 0], [0, 4, 173, 31, 1], [0, 0, 23, 188, 15], [0, 0, 2, 38, 158]]",2026-09-27 18:05:44
content_shift,delay,0.3,C,7,retrained in v25,1115,0.9067264573991032,0.9029214416505555,0.9003202238125066,0.9901606882698253,0.8672566371681416,0.7878787878787878,False,,const 0.3,"[[279, 0, 0, 0, 0], [2, 200, 1, 0, 0], [0, 2, 180, 26, 1], [0, 0, 15, 196, 15], [0, 0, 3, 39, 156]]",2026-09-27 18:05:45
content_shift,jitter,0.02,C,7,retrained in v25,1115,0.9022421524663677,0.8986482939881129,0.8961424422709616,0.9885093326924927,0.8495575221238938,0.8181818181818182,False,2025,f1cb9969e16c,"[[279, 0, 0, 0, 0], [2, 200, 1, 0, 0], [0, 4, 173, 31, 1], [0, 0, 18, 192, 16], [0, 0, 0, 36, 162]]",2026-09-27 18:05:45
content_shift,jitter,0.05,C,7,retrained in v25,1115,0.9085201793721973,0.9051446883616105,0.9029096956148335,0.9896842899975701,0.8584070796460177,0.8383838383838383,False,2025,6699fc9f8d02,"[[279, 0, 0, 0, 0], [2, 200, 1, 0, 0], [0, 4, 174, 30, 1], [0, 0, 17, 194, 15], [0, 0, 0, 32, 166]]",2026-09-27 18:05:45
content_shift,jitter,0.1,C,7,retrained in v25,1115,0.8995515695067264,0.8954787240576744,0.8930246316543154,0.9893520730503109,0.8451327433628318,0.7878787878787878,False,2025,79bae0987fe9,"[[279, 0, 0, 0, 0], [2, 200, 1, 0, 0], [0, 4, 177, 27, 1], [0, 0, 17, 191, 18], [0, 0, 1, 41, 156]]",2026-09-27 18:05:46
content_shift,jitter,0.2,C,7,retrained in v25,1115,0.9022421524663677,0.8987312322915308,0.8959392544667908,0.9884774496710407,0.8539823008849557,0.803030303030303,False,2025,1dd60fc1841b,"[[279, 0, 0, 0, 0], [2, 201, 0, 0, 0], [0, 3, 174, 31, 1], [0, 0, 20, 193, 13], [0, 0, 1, 38, 159]]",2026-09-27 18:05:46
tau_only,none,0.0,D,7,retrained in v25,1130,0.8876106194690265,0.8835475452484998,0.8803460855559797,0.9863885321796735,0.8771929824561403,0.8308457711442786,True,,none,"[[283, 1, 1, 0, 1], [1, 200, 4, 0, 0], [0, 0, 153, 53, 4], [0, 0, 7, 200, 21], [1, 0, 1, 32, 167]]",2026-09-27 18:10:03
tau_only,delay,0.05,D,7,retrained in v25,1130,0.8876106194690265,0.8835475452484998,0.8803460855559797,0.9863885321796735,0.8771929824561403,0.8308457711442786,True,,const 0.05,"[[283, 1, 1, 0, 1], [1, 200, 4, 0, 0], [0, 0, 153, 53, 4], [0, 0, 7, 200, 21], [1, 0, 1, 32, 167]]",2026-09-27 18:10:03
tau_only,delay,0.1,D,7,retrained in v25,1130,0.8876106194690265,0.8835475452484998,0.8803460855559797,0.9863885321796735,0.8771929824561403,0.8308457711442786,True,,const 0.1,"[[283, 1, 1, 0, 1], [1, 200, 4, 0, 0], [0, 0, 153, 53, 4], [0, 0, 7, 200, 21], [1, 0, 1, 32, 167]]",2026-09-27 18:10:04
tau_only,delay,0.2,D,7,retrained in v25,1130,0.8876106194690265,0.8835475452484998,0.8803460855559797,0.9863885321796735,0.8771929824561403,0.8308457711442786,True,,const 0.2,"[[283, 1, 1, 0, 1], [1, 200, 4, 0, 0], [0, 0, 153, 53, 4], [0, 0, 7, 200, 21], [1, 0, 1, 32, 167]]",2026-09-27 18:10:04
tau_only,delay,0.3,D,7,retrained in v25,1130,0.8876106194690265,0.8835475452484998,0.8803460855559797,0.9863885321796735,0.8771929824561403,0.8308457711442786,True,,const 0.3,"[[283, 1, 1, 0, 1], [1, 200, 4, 0, 0], [0, 0, 153, 53, 4], [0, 0, 7, 200, 21], [1, 0, 1, 32, 167]]",2026-09-27 18:10:05
tau_only,jitter,0.02,D,7,retrained in v25,1130,0.8876106194690265,0.8835475452484998,0.8803460855559797,0.9863885321796735,0.8771929824561403,0.8308457711442786,True,2025,f1cb9969e16c,"[[283, 1, 1, 0, 1], [1, 200, 4, 0, 0], [0, 0, 153, 53, 4], [0, 0, 7, 200, 21], [1, 0, 1, 32, 167]]",2026-09-27 18:10:05
tau_only,jitter,0.05,D,7,retrained in v25,1130,0.8876106194690265,0.8835475452484998,0.8803460855559797,0.9863885321796735,0.8771929824561403,0.8308457711442786,True,2025,6699fc9f8d02,"[[283, 1, 1, 0, 1], [1, 200, 4, 0, 0], [0, 0, 153, 53, 4], [0, 0, 7, 200, 21], [1, 0, 1, 32, 167]]",2026-09-27 18:10:06
tau_only,jitter,0.1,D,7,retrained in v25,1130,0.8876106194690265,0.8835475452484998,0.8803460855559797,0.9863885321796735,0.8771929824561403,0.8308457711442786,True,2025,79bae0987fe9,"[[283, 1, 1, 0, 1], [1, 200, 4, 0, 0], [0, 0, 153, 53, 4], [0, 0, 7, 200, 21], [1, 0, 1, 32, 167]]",2026-09-27 18:10:06
tau_only,jitter,0.2,D,7,retrained in v25,1130,0.8876106194690265,0.8835475452484998,0.8803460855559797,0.9863885321796735,0.8771929824561403,0.8308457711442786,True,2025,1dd60fc1841b,"[[283, 1, 1, 0, 1], [1, 200, 4, 0, 0], [0, 0, 153, 53, 4], [0, 0, 7, 200, 21], [1, 0, 1, 32, 167]]",2026-09-27 18:10:06
content_shift,none,0.0,D,7,retrained in v25,1115,0.8932735426008969,0.889739723842869,0.8865750979289129,0.9870852559629967,0.8805309734513275,0.8434343434343434,True,,none,"[[278, 1, 0, 0, 0], [1, 200, 2, 0, 0], [0, 0, 152, 53, 4], [0, 0, 6, 199, 21], [0, 0, 0, 31, 167]]",2026-09-27 18:10:07
content_shift,delay,0.05,D,7,retrained in v25,1115,0.905829596412556,0.9027527939745592,0.9000785535376317,0.9896908998342931,0.8805309734513275,0.8535353535353535,False,,const 0.05,"[[278, 1, 0, 0, 0], [1, 200, 2, 0, 0], [0, 0, 164, 41, 4], [0, 0, 5, 199, 22], [0, 0, 0, 29, 169]]",2026-09-27 18:10:07
content_shift,delay,0.1,D,7,retrained in v25,1115,0.9130044843049328,0.9100003230461565,0.9075000245085206,0.9892155663202017,0.8849557522123894,0.8636363636363636,False,,const 0.1,"[[279, 0, 0, 0, 0], [1, 199, 3, 0, 0], [0, 0, 169, 36, 4], [0, 0, 4, 200, 22], [0, 0, 0, 27, 171]]",2026-09-27 18:10:08
content_shift,delay,0.2,D,7,retrained in v25,1115,0.8986547085201794,0.8952746613789397,0.8920329346312675,0.9880808929800515,0.8849557522123894,0.8434343434343434,False,,const 0.2,"[[279, 0, 0, 0, 0], [1, 201, 1, 0, 0], [0, 0, 155, 50, 4], [0, 0, 7, 200, 19], [0, 0, 0, 31, 167]]",2026-09-27 18:10:08
content_shift,delay,0.3,D,7,retrained in v25,1115,0.8995515695067264,0.8959940492405064,0.8927893405849815,0.9886885239795143,0.8938053097345132,0.8434343434343434,False,,const 0.3,"[[279, 0, 0, 0, 0], [2, 199, 2, 0, 0], [0, 0, 156, 49, 4], [0, 0, 4, 202, 20], [0, 0, 2, 29, 167]]",2026-09-27 18:10:09
content_shift,jitter,0.02,D,7,retrained in v25,1115,0.8995515695067264,0.8962084693665664,0.8927644612497575,0.9868429961187071,0.8938053097345132,0.8383838383838383,False,2025,f1cb9969e16c,"[[279, 0, 0, 0, 0], [1, 200, 2, 0, 0], [0, 0, 156, 49, 4], [0, 0, 7, 202, 17], [0, 0, 0, 32, 166]]",2026-09-27 18:10:09
content_shift,jitter,0.05,D,7,retrained in v25,1115,0.9013452914798207,0.8980595870789919,0.8948034821057324,0.9886111055416862,0.8893805309734514,0.8434343434343434,False,2025,6699fc9f8d02,"[[279, 0, 0, 0, 0], [1, 200, 2, 0, 0], [0, 0, 158, 47, 4], [0, 0, 6, 201, 19], [0, 0, 0, 31, 167]]",2026-09-27 18:10:10
content_shift,jitter,0.1,D,7,retrained in v25,1115,0.8986547085201794,0.8951221069122045,0.8922205968959258,0.9881183183110911,0.8716814159292036,0.8434343434343434,False,2025,79bae0987fe9,"[[279, 0, 0, 0, 0], [1, 200, 2, 0, 0], [0, 0, 159, 46, 4], [0, 1, 6, 197, 22], [0, 0, 1, 30, 167]]",2026-09-27 18:10:10
content_shift,jitter,0.2,D,7,retrained in v25,1115,0.8878923766816144,0.8841313763301143,0.8804654667526679,0.9864295117442522,0.8672566371681416,0.8080808080808081,False,2025,1dd60fc1841b,"[[279, 0, 0, 0, 0], [1, 201, 1, 0, 0], [0, 0, 154, 51, 4], [0, 0, 10, 196, 20], [0, 1, 0, 37, 160]]",2026-09-27 18:10:11
tau_only,none,0.0,C,99,retrained in v25,1130,0.863716814159292,0.8577105576939189,0.8553663166676406,0.9842761673528237,0.7982456140350878,0.7562189054726368,True,,none,"[[282, 1, 1, 0, 2], [4, 190, 10, 0, 1], [0, 5, 170, 32, 3], [0, 0, 17, 182, 29], [0, 1, 5, 43, 152]]",2026-09-27 18:14:22
tau_only,delay,0.05,C,99,retrained in v25,1130,0.8690265486725663,0.8633442291750306,0.8607899503787844,0.9841465358245813,0.8201754385964912,0.7661691542288557,False,,const 0.05,"[[282, 1, 1, 0, 2], [4, 190, 10, 0, 1], [0, 4, 169, 33, 4], [0, 0, 16, 187, 25], [0, 1, 5, 41, 154]]",2026-09-27 18:14:22
tau_only,delay,0.1,C,99,retrained in v25,1130,0.8716814159292036,0.8660826044327619,0.8636145491892432,0.9844490862237911,0.8245614035087719,0.7711442786069652,False,,const 0.1,"[[282, 1, 1, 0, 2], [4, 190, 10, 0, 1], [0, 4, 170, 32, 4], [0, 0, 16, 188, 24], [0, 1, 5, 40, 155]]",2026-09-27 18:14:23
tau_only,delay,0.2,C,99,retrained in v25,1130,0.8734513274336283,0.868016478703432,0.8655712702602134,0.9842477132601253,0.8201754385964912,0.7711442786069652,False,,const 0.2,"[[282, 1, 1, 0, 2], [4, 189, 11, 0, 1], [0, 3, 174, 29, 4], [0, 0, 17, 187, 24], [0, 1, 4, 41, 155]]",2026-09-27 18:14:23
tau_only,delay,0.3,C,99,retrained in v25,1130,0.8699115044247787,0.8644443871401288,0.8616865584807647,0.9843696925992045,0.8245614035087719,0.7711442786069652,False,,const 0.3,"[[282, 1, 1, 0, 2], [4, 189, 11, 0, 1], [0, 4, 169, 33, 4], [0, 0, 16, 188, 24], [0, 1, 3, 42, 155]]",2026-09-27 18:14:24
tau_only,jitter,0.02,C,99,retrained in v25,1130,0.8725663716814159,0.8670927799307677,0.8647730789318743,0.9843601214734724,0.8114035087719298,0.7661691542288557,False,2025,f1cb9969e16c,"[[282, 1, 1, 0, 2], [4, 191, 9, 0, 1], [0, 3, 174, 30, 3], [0, 0, 16, 185, 27], [0, 1, 5, 41, 154]]",2026-09-27 18:14:24
tau_only,jitter,0.05,C,99,retrained in v25,1130,0.8707964601769912,0.8654336936381816,0.8627893153729953,0.9846464464876696,0.8157894736842105,0.7711442786069652,False,2025,6699fc9f8d02,"[[282, 1, 1, 0, 2], [4, 189, 11, 0, 1], [0, 2, 172, 32, 4], [0, 0, 18, 186, 24], [0, 1, 5, 40, 155]]",2026-09-27 18:14:25
tau_only,jitter,0.1,C,99,retrained in v25,1130,0.8734513274336283,0.8680461400323394,0.8656565581066952,0.9843704464269155,0.8201754385964912,0.7810945273631841,False,2025,79bae0987fe9,"[[282, 1, 1, 0, 2], [4, 189, 11, 0, 1], [0, 3, 172, 31, 4], [0, 0, 17, 187, 24], [0, 1, 5, 38, 157]]",2026-09-27 18:14:25
tau_only,jitter,0.2,C,99,retrained in v25,1130,0.8725663716814159,0.8672107396374786,0.8649630697443623,0.9850489530495132,0.8114035087719298,0.7910447761194029,False,2025,1dd60fc1841b,"[[282, 1, 1, 0, 2], [4, 190, 10, 0, 1], [0, 3, 170, 33, 4], [0, 0, 17, 185, 26], [0, 1, 5, 36, 159]]",2026-09-27 18:14:26
content_shift,none,0.0,C,99,retrained in v25,1115,0.8690582959641255,0.8637964719712891,0.861193259194402,0.9850131829308845,0.8008849557522124,0.7676767676767676,True,,none,"[[277, 1, 0, 0, 1], [4, 190, 9, 0, 0], [0, 5, 169, 32, 3], [0, 0, 17, 181, 28], [0, 0, 3, 43, 152]]",2026-09-27 18:14:26
content_shift,delay,0.05,C,99,retrained in v25,1115,0.8825112107623319,0.8779096451185943,0.8745301124843576,0.9851268971589278,0.8584070796460177,0.7626262626262627,False,,const 0.05,"[[277, 1, 0, 0, 1], [5, 189, 9, 0, 0], [0, 3, 173, 30, 3], [0, 0, 14, 194, 18], [0, 0, 3, 44, 151]]",2026-09-27 18:14:27
content_shift,delay,0.1,C,99,retrained in v25,1115,0.8968609865470852,0.8920285204991087,0.8902045432881589,0.9859215048522472,0.8495575221238938,0.7727272727272727,False,,const 0.1,"[[277, 1, 0, 0, 1], [4, 193, 6, 0, 0], [0, 3, 185, 17, 4], [0, 0, 16, 192, 18], [0, 0, 4, 41, 153]]",2026-09-27 18:16:17
content_shift,delay,0.2,C,99,retrained in v25,1115,0.8816143497757848,0.8768223684174042,0.8737427666959678,0.9840499137717801,0.8451327433628318,0.7474747474747475,False,,const 0.2,"[[277, 1, 0, 0, 1], [4, 193, 6, 0, 0], [0, 3, 174, 28, 4], [0, 0, 20, 191, 15], [0, 0, 3, 47, 148]]",2026-09-27 18:16:18
content_shift,delay,0.3,C,99,retrained in v25,1115,0.8771300448430494,0.8722077757526954,0.8690925767543527,0.984527243078156,0.831858407079646,0.7424242424242424,False,,const 0.3,"[[277, 1, 0, 0, 1], [4, 192, 7, 0, 0], [0, 2, 174, 29, 4], [0, 0, 15, 188, 23], [0, 0, 3, 48, 147]]",2026-09-27 18:16:18
content_shift,jitter,0.02,C,99,retrained in v25,1115,0.885201793721973,0.8806668377917924,0.8778329294068202,0.9854570434115185,0.8451327433628318,0.7777777777777778,False,2025,f1cb9969e16c,"[[277, 1, 0, 0, 1], [5, 191, 7, 0, 0], [0, 3, 174, 28, 4], [0, 0, 16, 191, 19], [0, 0, 3, 41, 154]]",2026-09-27 18:16:19
content_shift,jitter,0.05,C,99,retrained in v25,1115,0.8762331838565023,0.8717026121675078,0.8680757779073819,0.9848608545684151,0.8451327433628318,0.7626262626262627,False,2025,6699fc9f8d02,"[[277, 1, 0, 0, 1], [5, 190, 8, 0, 0], [0, 2, 168, 35, 4], [0, 0, 15, 191, 20], [0, 0, 3, 44, 151]]",2026-09-27 18:16:19
content_shift,jitter,0.1,C,99,retrained in v25,1115,0.8699551569506726,0.8641775635498771,0.8609458471261654,0.9832722451726811,0.8407079646017699,0.7121212121212122,False,2025,79bae0987fe9,"[[277, 1, 0, 0, 1], [5, 191, 7, 0, 0], [0, 6, 171, 29, 3], [0, 0, 16, 190, 20], [0, 0, 3, 54, 141]]",2026-09-27 18:16:20
content_shift,jitter,0.2,C,99,retrained in v25,1115,0.8717488789237668,0.8668013799825447,0.8637666793641475,0.9840591685805842,0.8141592920353983,0.7626262626262627,False,2025,1dd60fc1841b,"[[277, 1, 0, 0, 1], [6, 189, 7, 0, 1], [0, 4, 171, 31, 3], [0, 0, 20, 184, 22], [0, 0, 3, 44, 151]]",2026-09-27 18:16:20
tau_only,none,0.0,D,99,retrained in v25,1130,0.8761061946902655,0.8706475966690842,0.8674517096721225,0.9849767655219335,0.8464912280701754,0.7661691542288557,True,,none,"[[284, 0, 0, 0, 2], [4, 190, 10, 0, 1], [0, 1, 169, 33, 7], [0, 0, 13, 193, 22], [0, 0, 6, 41, 154]]",2026-09-27 18:19:35
tau_only,delay,0.05,D,99,retrained in v25,1130,0.8761061946902655,0.8706475966690842,0.8674517096721225,0.9849767655219335,0.8464912280701754,0.7661691542288557,True,,const 0.05,"[[284, 0, 0, 0, 2], [4, 190, 10, 0, 1], [0, 1, 169, 33, 7], [0, 0, 13, 193, 22], [0, 0, 6, 41, 154]]",2026-09-27 18:19:35
tau_only,delay,0.1,D,99,retrained in v25,1130,0.8761061946902655,0.8706475966690842,0.8674517096721225,0.9849767655219335,0.8464912280701754,0.7661691542288557,True,,const 0.1,"[[284, 0, 0, 0, 2], [4, 190, 10, 0, 1], [0, 1, 169, 33, 7], [0, 0, 13, 193, 22], [0, 0, 6, 41, 154]]",2026-09-27 18:19:36
tau_only,delay,0.2,D,99,retrained in v25,1130,0.8761061946902655,0.8706475966690842,0.8674517096721225,0.9849767655219335,0.8464912280701754,0.7661691542288557,True,,const 0.2,"[[284, 0, 0, 0, 2], [4, 190, 10, 0, 1], [0, 1, 169, 33, 7], [0, 0, 13, 193, 22], [0, 0, 6, 41, 154]]",2026-09-27 18:19:36
tau_only,delay,0.3,D,99,retrained in v25,1130,0.8761061946902655,0.8706475966690842,0.8674517096721225,0.9849767655219335,0.8464912280701754,0.7661691542288557,True,,const 0.3,"[[284, 0, 0, 0, 2], [4, 190, 10, 0, 1], [0, 1, 169, 33, 7], [0, 0, 13, 193, 22], [0, 0, 6, 41, 154]]",2026-09-27 18:19:37
tau_only,jitter,0.02,D,99,retrained in v25,1130,0.8761061946902655,0.8706475966690842,0.8674517096721225,0.9849767655219335,0.8464912280701754,0.7661691542288557,True,2025,f1cb9969e16c,"[[284, 0, 0, 0, 2], [4, 190, 10, 0, 1], [0, 1, 169, 33, 7], [0, 0, 13, 193, 22], [0, 0, 6, 41, 154]]",2026-09-27 18:19:37
tau_only,jitter,0.05,D,99,retrained in v25,1130,0.8761061946902655,0.8706475966690842,0.8674517096721225,0.9849767655219335,0.8464912280701754,0.7661691542288557,True,2025,6699fc9f8d02,"[[284, 0, 0, 0, 2], [4, 190, 10, 0, 1], [0, 1, 169, 33, 7], [0, 0, 13, 193, 22], [0, 0, 6, 41, 154]]",2026-09-27 18:19:38
tau_only,jitter,0.1,D,99,retrained in v25,1130,0.8761061946902655,0.8706475966690842,0.8674517096721225,0.9849767655219335,0.8464912280701754,0.7661691542288557,True,2025,79bae0987fe9,"[[284, 0, 0, 0, 2], [4, 190, 10, 0, 1], [0, 1, 169, 33, 7], [0, 0, 13, 193, 22], [0, 0, 6, 41, 154]]",2026-09-27 18:19:38
tau_only,jitter,0.2,D,99,retrained in v25,1130,0.8761061946902655,0.8706475966690842,0.8674517096721225,0.9849767655219335,0.8464912280701754,0.7661691542288557,True,2025,1dd60fc1841b,"[[284, 0, 0, 0, 2], [4, 190, 10, 0, 1], [0, 1, 169, 33, 7], [0, 0, 13, 193, 22], [0, 0, 6, 41, 154]]",2026-09-27 18:19:39
content_shift,none,0.0,D,99,retrained in v25,1115,0.8807174887892377,0.8760523999272666,0.8727078825680336,0.9856420254350235,0.8495575221238938,0.7777777777777778,True,,none,"[[278, 0, 0, 0, 1], [4, 190, 9, 0, 0], [0, 1, 168, 33, 7], [0, 0, 13, 192, 21], [0, 0, 3, 41, 154]]",2026-09-27 18:19:39
content_shift,delay,0.05,D,99,retrained in v25,1115,0.8816143497757848,0.8770386616341996,0.8736082526154091,0.9865673830303617,0.8495575221238938,0.7777777777777778,False,,const 0.05,"[[278, 0, 0, 0, 1], [7, 188, 8, 0, 0], [0, 1, 171, 30, 7], [0, 0, 12, 192, 22], [0, 0, 3, 41, 154]]",2026-09-27 18:19:40
content_shift,delay,0.1,D,99,retrained in v25,1115,0.8887892376681614,0.8841775732119205,0.8812012380009839,0.9873998736668428,0.8584070796460177,0.7828282828282829,False,,const 0.1,"[[278, 0, 0, 0, 1], [6, 189, 8, 0, 0], [0, 1, 175, 25, 8], [0, 0, 10, 194, 22], [0, 0, 3, 40, 155]]",2026-09-27 18:19:40
content_shift,delay,0.2,D,99,retrained in v25,1115,0.8780269058295964,0.8735435256724117,0.8698087852950707,0.9855963948559905,0.8495575221238938,0.7777777777777778,False,,const 0.2,"[[278, 0, 0, 0, 1], [6, 189, 7, 0, 1], [0, 1, 166, 35, 7], [0, 0, 12, 192, 22], [0, 0, 2, 42, 154]]",2026-09-27 18:19:41
content_shift,delay,0.3,D,99,retrained in v25,1115,0.885201793721973,0.8807938639892969,0.8773607284684903,0.9865334998885318,0.8672566371681416,0.797979797979798,False,,const 0.3,"[[278, 0, 0, 0, 1], [6, 188, 8, 0, 1], [0, 1, 167, 34, 7], [0, 0, 9, 196, 21], [0, 0, 3, 37, 158]]",2026-09-27 18:19:41
content_shift,jitter,0.02,D,99,retrained in v25,1115,0.8878923766816144,0.8834399034553806,0.8802725840777746,0.986921436406688,0.8584070796460177,0.7828282828282829,False,2025,f1cb9969e16c,"[[278, 0, 0, 0, 1], [6, 190, 7, 0, 0], [0, 1, 173, 28, 7], [0, 0, 12, 194, 20], [0, 0, 3, 40, 155]]",2026-09-27 18:19:42
content_shift,jitter,0.05,D,99,retrained in v25,1115,0.8798206278026905,0.8753340742716021,0.8711937959857684,0.9862637195363355,0.8672566371681416,0.7575757575757576,False,2025,6699fc9f8d02,"[[278, 0, 0, 0, 1], [6, 188, 9, 0, 0], [0, 0, 169, 34, 6], [0, 0, 11, 196, 19], [0, 0, 3, 45, 150]]",2026-09-27 18:19:42
content_shift,jitter,0.1,D,99,retrained in v25,1115,0.8798206278026905,0.8745820728553728,0.8713034157041447,0.9854308093517667,0.8539823008849557,0.7474747474747475,False,2025,79bae0987fe9,"[[278, 0, 0, 0, 1], [6, 188, 8, 0, 1], [0, 3, 174, 26, 6], [0, 0, 12, 193, 21], [0, 0, 3, 47, 148]]",2026-09-27 18:19:42
content_shift,jitter,0.2,D,99,retrained in v25,1115,0.873542600896861,0.8687841307376221,0.8650993716429461,0.9849595771216466,0.831858407079646,0.7575757575757576,False,2025,1dd60fc1841b,"[[278, 0, 0, 0, 1], [6, 189, 7, 0, 1], [0, 1, 169, 33, 6], [0, 0, 13, 188, 25], [0, 0, 3, 45, 150]]",2026-09-27 18:19:43
