condition,seed,source,checkpoint,accuracy,macro_f1,balanced_accuracy,macro_auroc,class3_recall,class4_recall,confusion_matrix,v22_max_abs_delta,v22_confusion_identical,reproduces_v22,best_epoch,best_val_macro_f1,init_sha1,rng_sha1,paired_with_v18,train_seconds,finished_at
C,42,retrained in v25,/kaggle/working/v25_checkpoints/C_seed42_best.pt,0.8938053097345132,0.8900430576358016,0.8873790660511102,0.986928283391767,0.8640350877192983,0.8258706467661692,"[[282, 0, 1, 0, 3], [2, 197, 4, 0, 2], [0, 2, 168, 39, 1], [0, 0, 9, 197, 22], [0, 0, 3, 32, 166]]",0.0,True,True,17,0.894077,5850841e699f,5641b401720d,True,234.0,2026-09-27 17:33:41
D,42,retrained in v25,/kaggle/working/v25_checkpoints/D_seed42_best.pt,0.9097345132743363,0.90640272771588,0.9040236181473512,0.9890678208140686,0.8859649122807017,0.8706467661691543,"[[284, 0, 0, 0, 2], [3, 197, 4, 0, 1], [0, 1, 170, 38, 1], [0, 0, 10, 202, 16], [0, 0, 3, 23, 175]]",0.0,True,True,17,0.908769,5850841e699f,5641b401720d,True,213.9,2026-09-27 17:39:15
C,123,retrained in v25,/kaggle/working/v25_checkpoints/C_seed123_best.pt,0.8884955752212389,0.8838406391126263,0.880942616928094,0.9853528858095087,0.8640350877192983,0.7711442786069652,"[[283, 0, 1, 0, 2], [2, 197, 5, 0, 1], [0, 4, 172, 32, 2], [0, 0, 7, 197, 24], [0, 0, 3, 43, 155]]",0.0,True,True,15,0.9021,74be0883c62b,0a4b3be44b18,True,198.3,2026-09-27 17:43:12
D,123,retrained in v25,/kaggle/working/v25_checkpoints/D_seed123_best.pt,0.8991150442477877,0.894796448034539,0.8915204180283789,0.9882101818367766,0.8991228070175439,0.7661691542288557,"[[284, 1, 1, 0, 0], [1, 199, 4, 0, 1], [0, 4, 174, 32, 0], [0, 0, 8, 205, 15], [1, 0, 2, 44, 154]]",0.0,True,True,20,0.911255,74be0883c62b,0a4b3be44b18,True,163.2,2026-09-27 17:48:15
C,2024,retrained in v25,/kaggle/working/v25_checkpoints/C_seed2024_best.pt,0.879646017699115,0.8742357339300486,0.8720160236240938,0.9862877500842927,0.8157894736842105,0.7711442786069652,"[[284, 0, 0, 0, 2], [2, 198, 4, 0, 1], [0, 5, 171, 33, 1], [0, 0, 13, 186, 29], [0, 1, 4, 41, 155]]",9.72497763318536e-07,True,True,16,0.905402,92852955eef1,619c0e0a6b4d,True,228.1,2026-09-27 17:54:13
D,2024,retrained in v25,/kaggle/working/v25_checkpoints/D_seed2024_best.pt,0.8867256637168142,0.8824386737488268,0.8794072629163541,0.9864377660864745,0.8464912280701754,0.8059701492537313,"[[284, 1, 0, 0, 1], [0, 198, 6, 0, 1], [0, 2, 165, 42, 1], [0, 0, 11, 193, 24], [0, 0, 2, 37, 162]]",0.0,True,True,17,0.91956,92852955eef1,619c0e0a6b4d,True,314.3,2026-09-27 18:01:37
C,7,retrained in v25,/kaggle/working/v25_checkpoints/C_seed7_best.pt,0.8964601769911504,0.8920671005070464,0.890241547389824,0.988482645383107,0.8421052631578947,0.8308457711442786,"[[284, 1, 1, 0, 0], [1, 201, 3, 0, 0], [0, 5, 169, 35, 1], [0, 0, 20, 192, 16], [0, 1, 2, 31, 167]]",3.0160664367118173e-06,True,True,17,0.90937,7f5d0cd2e7cb,9fdcf777d285,True,200.9,2026-09-27 18:05:37
D,7,retrained in v25,/kaggle/working/v25_checkpoints/D_seed7_best.pt,0.8876106194690265,0.8835475452484998,0.8803460855559797,0.9863885321796735,0.8771929824561403,0.8308457711442786,"[[283, 1, 1, 0, 1], [1, 200, 4, 0, 0], [0, 0, 153, 53, 4], [0, 0, 7, 200, 21], [1, 0, 1, 32, 167]]",0.0,True,True,18,0.917909,7f5d0cd2e7cb,9fdcf777d285,True,224.9,2026-09-27 18:10:02
C,99,retrained in v25,/kaggle/working/v25_checkpoints/C_seed99_best.pt,0.863716814159292,0.8577105576939189,0.8553663166676406,0.9842761673528237,0.7982456140350878,0.7562189054726368,"[[282, 1, 1, 0, 2], [4, 190, 10, 0, 1], [0, 5, 170, 32, 3], [0, 0, 17, 182, 29], [0, 1, 5, 43, 152]]",0.0,True,True,20,0.881905,e40c78169f57,81dcd4638a88,True,219.5,2026-09-27 18:14:21
D,99,retrained in v25,/kaggle/working/v25_checkpoints/D_seed99_best.pt,0.8761061946902655,0.8706475966690842,0.8674517096721225,0.9849767655219335,0.8464912280701754,0.7661691542288557,"[[284, 0, 0, 0, 2], [4, 190, 10, 0, 1], [0, 1, 169, 33, 7], [0, 0, 13, 193, 22], [0, 0, 6, 41, 154]]",0.0,True,True,16,0.894965,e40c78169f57,81dcd4638a88,True,173.3,2026-09-27 18:19:34
