model,level,seeds,params,accuracy,macro_f1,f1_ci_low,f1_ci_high,balanced_accuracy,macro_auroc,recall_c0,recall_c1,recall_c2,recall_c3,recall_c4,faulty_pred_normal,normal_pred_faulty,adjacent_error_share
A,window,"[42, 123]",1012358,0.7928598701794578,0.7953563996342102,0.7378527461655143,0.8502714900092907,0.7947389911911226,0.9441931407687736,1.0,0.8482632541133455,0.6303901437371663,0.7003577817531306,0.7946837763519706,0.0007014262333411269,0.0,0.992626728110599
A,mission,"[42, 123]",1012358,0.8631578947368421,0.863563887093299,0.792513982388141,0.9273958830001833,0.863391812865497,0.9637603402445508,1.0,0.8947368421052632,0.7222222222222222,0.85,0.85,0.0,0.0,1.0
I,window,"[42, 123]",977350,0.8942344406261932,0.8931144401577328,0.8651210388360482,0.9171142695012744,0.8944635033533684,0.9871319427441911,0.9989594172736732,0.9003656307129799,0.7782340862422998,0.8488372093023255,0.9459211732355637,0.026420388122515782,0.001040582726326743,0.8501805054151624
I,mission,"[42, 123]",977350,0.968421052631579,0.9678646934460888,0.9339130434782609,1.0,0.9666666666666668,0.9986227994227995,1.0,1.0,0.8333333333333334,1.0,1.0,0.0,0.0,1.0
D,window,"[42, 123]",1692884,0.8715158457426498,0.871480851620154,0.8234923889574536,0.917330267106452,0.8715808111127921,0.9613887009742527,1.0,0.8363802559414991,0.728952772073922,0.8631484794275492,0.9294225481209899,0.0,0.0,0.9970282317979198
D,mission,"[42, 123]",1692884,0.8947368421052632,0.8929103416908294,0.8321064278397398,0.9481032665252193,0.8933918128654972,0.9826659199833715,1.0,0.8947368421052632,0.7222222222222222,0.9,0.95,0.0,0.0,1.0
F0,window,"[42, 123]",1067554,0.8360061092019855,0.8378320290721959,0.7836242043212323,0.8902279932496945,0.8372109805632023,0.969453133189,1.0,0.8308957952468007,0.7002053388090349,0.7942754919499105,0.8606782768102658,0.00046761748889408465,0.0,0.9976717112922002
F0,mission,"[42, 123]",1067554,0.8736842105263158,0.873153809366148,0.806842895579135,0.9366851892984083,0.8733918128654972,0.9823795085800626,1.0,0.8947368421052632,0.7222222222222222,0.85,0.9,0.0,0.0,1.0
F1,window,"[42, 123]",1100516,0.8692248949980909,0.8692590237884803,0.821042227635247,0.9125398008665491,0.8694867010130217,0.9730538428078924,1.0,0.870201096892139,0.7258726899383984,0.8246869409660107,0.9266727772685609,0.00046761748889408465,0.0,1.0
F1,mission,"[42, 123]",1100516,0.8947368421052632,0.8943132220795894,0.8315127983503067,0.9484807723667921,0.8945029239766082,0.9858525964032889,1.0,0.8947368421052632,0.7777777777777778,0.85,0.95,0.0,0.0,1.0
F2,window,"[42, 123]",1133348,0.8524245895379916,0.8529036793348308,0.802021148038502,0.9012879394772546,0.8531752342526422,0.9668849862012647,1.0,0.8537477148080439,0.7094455852156057,0.7915921288014311,0.9110907424381302,0.00046761748889408465,0.0,0.9974126778783958
F2,mission,"[42, 123]",1133348,0.8842105263157894,0.8826660044880992,0.817368506222682,0.9462079240701909,0.8833918128654972,0.9806342698852395,1.0,0.8947368421052632,0.7222222222222222,0.85,0.95,0.0,0.0,1.0
