run,cls_loss,seed,source,accuracy,macro_f1,balanced_accuracy,macro_auroc,class4_recall,recall_c0,recall_c1,recall_c2,recall_c3,recall_c4,adjacent_errors,distant_errors,total_errors,err_0v1,err_1v2,err_2v3,err_3v4,confusion_matrix,best_val_macro_f1,best_epoch,n_test_windows,init_sha1,rng_sha1,paired_with_control,focal_mean_downweight_diag,final_train_loss_cls,final_train_ce_ref,train_seconds,finished_at
1,ce,42,regenerated (v18 probabilities not attached),0.9088495575221239,0.9057330017972403,0.9030033658152373,0.9891867537737307,0.8507462686567164,0.9895104895104895,0.9609756097560975,0.819047619047619,0.8947368421052632,0.8507462686567164,93,10,103,3,3,43,44,"[[283, 0, 1, 0, 2], [3, 197, 2, 1, 2], [0, 1, 172, 35, 2], [0, 0, 8, 204, 16], [0, 0, 2, 28, 171]]",0.901371,17,1130,5850841e699f,5641b401720d,True,nan,0.1316516018190962,0.1316516018190962,204.8,2026-09-26 14:40:16
2,ce,123,regenerated (v18 probabilities not attached),0.8876106194690265,0.8826825575079713,0.8790467961967972,0.9861866752615566,0.7164179104477612,0.9895104895104895,0.9560975609756097,0.8428571428571429,0.8903508771929824,0.7164179104477612,120,7,127,3,8,38,71,"[[283, 1, 1, 0, 1], [2, 196, 6, 1, 0], [0, 2, 177, 30, 1], [0, 0, 8, 203, 17], [0, 1, 2, 54, 144]]",0.910875,20,1130,74be0883c62b,0a4b3be44b18,True,nan,0.11873872176736533,0.11873872176736533,155.1,2026-09-26 14:45:02
3,ce,2024,regenerated (v18 probabilities not attached),0.8805309734513275,0.8763643000413779,0.8715485268344848,0.9866958753709998,0.746268656716418,0.986013986013986,0.9219512195121952,0.8,0.9035087719298246,0.746268656716418,127,8,135,3,12,45,67,"[[282, 1, 0, 0, 3], [2, 189, 12, 1, 1], [0, 0, 168, 39, 3], [0, 0, 6, 206, 16], [0, 0, 0, 51, 150]]",0.905107,12,1130,92852955eef1,619c0e0a6b4d,True,nan,0.1307834120084261,0.1307834120084261,202.6,2026-09-26 14:50:35
4,ce,7,regenerated (v18 probabilities not attached),0.9061946902654867,0.9019350016739314,0.9008047135870789,0.9897445660698647,0.845771144278607,0.993006993006993,0.9560975609756097,0.8714285714285714,0.8377192982456141,0.845771144278607,100,6,106,3,10,38,49,"[[284, 1, 0, 0, 1], [2, 196, 7, 0, 0], [0, 3, 183, 22, 2], [0, 0, 16, 191, 21], [0, 0, 3, 28, 170]]",0.910129,14,1130,7f5d0cd2e7cb,9fdcf777d285,True,nan,0.07512950866885441,0.07512950866885441,226.9,2026-09-26 14:56:12
5,ce,99,regenerated (v18 probabilities not attached),0.8690265486725663,0.8638026478536822,0.8598248510633313,0.9829841151452052,0.7412935323383084,0.986013986013986,0.926829268292683,0.780952380952381,0.8640350877192983,0.7412935323383084,134,14,148,5,11,51,67,"[[282, 0, 1, 0, 3], [5, 190, 9, 0, 1], [0, 2, 164, 39, 5], [0, 0, 12, 197, 19], [0, 1, 3, 48, 149]]",0.887375,16,1130,e40c78169f57,81dcd4638a88,True,nan,0.11985658313252873,0.11985658313252873,211.6,2026-09-26 15:01:55
6,focal,42,new run,0.8946902654867257,0.8912126870776713,0.8878578750138153,0.9889118641679959,0.8407960199004975,0.986013986013986,0.9609756097560975,0.7523809523809524,0.8991228070175439,0.8407960199004975,111,8,119,3,6,56,46,"[[282, 2, 0, 0, 2], [1, 197, 4, 3, 0], [0, 2, 158, 49, 1], [0, 0, 7, 205, 16], [0, 0, 2, 30, 169]]",0.909469,17,1130,5850841e699f,5641b401720d,True,0.050104133784770966,0.03256900046671358,0.12174508092143843,167.2,2026-09-26 15:04:42
7,focal,123,new run,0.8716814159292036,0.8650853852026079,0.8620487484210588,0.9842198398376926,0.6567164179104478,0.9825174825174825,0.9560975609756097,0.8333333333333334,0.881578947368421,0.6567164179104478,136,9,145,3,12,47,74,"[[281, 2, 2, 0, 1], [1, 196, 7, 0, 1], [0, 5, 175, 30, 0], [0, 0, 17, 201, 10], [0, 0, 5, 64, 132]]",0.904736,11,1130,74be0883c62b,0a4b3be44b18,True,0.05500844120979309,0.0248299107773252,0.11705850486553485,155.7,2026-09-26 15:09:08
8,focal,2024,new run,0.8831858407079646,0.8784635754921768,0.8745207388425827,0.983949616890564,0.7611940298507462,0.9965034965034965,0.9365853658536586,0.8142857142857143,0.8640350877192983,0.7611940298507462,125,7,132,2,13,52,58,"[[285, 0, 1, 0, 0], [2, 192, 10, 1, 0], [0, 3, 171, 36, 0], [0, 0, 16, 197, 15], [0, 0, 5, 43, 153]]",0.917526,20,1130,92852955eef1,619c0e0a6b4d,True,0.03829232603311539,0.02954938568460244,0.11691100498841654,156.4,2026-09-26 15:12:25
9,focal,7,new run,0.879646017699115,0.8752599114494982,0.8721444292492135,0.9858671563772694,0.7910447761194029,0.9895104895104895,0.9512195121951219,0.8,0.8289473684210527,0.7910447761194029,128,8,136,1,11,54,62,"[[283, 0, 3, 0, 0], [1, 195, 9, 0, 0], [0, 2, 168, 40, 0], [0, 1, 14, 189, 24], [1, 0, 3, 38, 159]]",0.917519,10,1130,7f5d0cd2e7cb,9fdcf777d285,True,0.03524424508213997,0.014456029007311784,0.06902430562843238,236.2,2026-09-26 15:18:32
10,focal,99,new run,0.8946902654867257,0.8907845292598191,0.8874462525831482,0.9868391521088563,0.7860696517412935,0.986013986013986,0.9414634146341463,0.8333333333333334,0.8903508771929824,0.7860696517412935,111,8,119,6,9,46,50,"[[282, 1, 0, 0, 3], [5, 193, 6, 0, 1], [0, 3, 175, 31, 1], [0, 0, 15, 203, 10], [0, 0, 3, 40, 158]]",0.905101,20,1130,e40c78169f57,81dcd4638a88,True,0.06270109117031097,0.029974368851323943,0.11391661117874807,213.9,2026-09-26 15:22:46
11,ordinal,42,new run,0.8876106194690265,0.8844916834778672,0.8795141087908316,0.9835905802687138,0.8109452736318408,0.986013986013986,0.9414634146341463,0.7380952380952381,0.9210526315789473,0.8109452736318408,120,7,127,6,7,55,52,"[[282, 2, 0, 2, 0], [4, 193, 5, 3, 0], [0, 2, 155, 52, 1], [0, 0, 3, 210, 15], [0, 0, 1, 37, 163]]",0.909223,11,1130,5850841e699f,5641b401720d,True,nan,1.1811559454087288,0.6206271060051457,222.4,2026-09-26 15:28:29
12,ordinal,123,new run,0.8743362831858407,0.8701349591446558,0.8661955546162241,0.9830648035535964,0.7661691542288557,0.9790209790209791,0.9609756097560975,0.7476190476190476,0.8771929824561403,0.7661691542288557,136,6,142,5,8,56,67,"[[280, 4, 1, 0, 1], [1, 197, 6, 0, 1], [0, 2, 157, 49, 2], [0, 0, 7, 200, 21], [0, 0, 1, 46, 154]]",0.917305,12,1130,74be0883c62b,0a4b3be44b18,True,nan,1.181052278703259,0.6188961313616845,205.4,2026-09-26 15:33:45
13,ordinal,2024,new run,0.9070796460176991,0.9027882605736195,0.9002179633381135,0.983894175457969,0.8009950248756219,0.9965034965034965,0.9560975609756097,0.8571428571428571,0.8903508771929824,0.8009950248756219,98,7,105,2,10,37,49,"[[285, 0, 1, 0, 0], [2, 196, 7, 0, 0], [0, 3, 180, 27, 0], [0, 0, 10, 203, 15], [0, 0, 6, 34, 161]]",0.920658,16,1130,92852955eef1,619c0e0a6b4d,True,nan,1.1800871641405166,0.6147055656679214,139.2,2026-09-26 15:36:35
14,ordinal,7,new run,0.8725663716814159,0.8672107587469453,0.8651703584161959,0.9823038990422199,0.8308457711442786,0.9825174825174825,0.9560975609756097,0.7142857142857143,0.8421052631578947,0.8308457711442786,137,7,144,5,14,65,53,"[[281, 2, 0, 1, 2], [3, 196, 6, 0, 0], [0, 8, 150, 50, 2], [0, 0, 15, 192, 21], [0, 1, 1, 32, 167]]",0.918843,8,1130,7f5d0cd2e7cb,9fdcf777d285,True,nan,1.1771153073157035,0.6057622194290161,257.5,2026-09-26 15:41:33
15,ordinal,99,new run,0.8893805309734514,0.8850739164444633,0.8812222384427469,0.9809294632761592,0.7412935323383084,0.9895104895104895,0.9365853658536586,0.8571428571428571,0.881578947368421,0.7412935323383084,119,6,125,8,9,46,56,"[[283, 1, 2, 0, 0], [7, 192, 6, 0, 0], [0, 3, 180, 27, 0], [0, 0, 19, 201, 8], [1, 1, 2, 48, 149]]",0.916604,10,1130,e40c78169f57,81dcd4638a88,True,nan,1.1804745328041815,0.6167885599597808,223.1,2026-09-26 15:45:46
