model,seed,mode,accuracy,macro_f1,balanced_accuracy,macro_auroc,class3_recall,class4_recall,err_3to4,err_4to3,confusion_matrix
query_lag,42,correct,0.9106194690265487,0.90750554679935,0.905099148930314,0.9894991038475431,0.8947368421052632,0.8407960199004975,12,30,"[[282, 0, 1, 0, 3], [2, 198, 4, 0, 1], [0, 1, 176, 31, 2], [0, 0, 12, 204, 12], [0, 0, 2, 30, 169]]"
query_lag,42,all,0.9061946902654867,0.9030863615150395,0.9007426990141146,0.9888584350512769,0.8771929824561403,0.8557213930348259,15,27,"[[282, 0, 1, 0, 3], [2, 197, 5, 0, 1], [0, 0, 173, 35, 2], [0, 0, 13, 200, 15], [0, 0, 2, 27, 172]]"
query_lag,42,laca_only,0.9070796460176991,0.9039255577782367,0.901449316303607,0.9891416214724907,0.881578947368421,0.835820895522388,15,31,"[[282, 0, 1, 0, 3], [2, 197, 5, 0, 1], [0, 0, 177, 31, 2], [0, 0, 12, 201, 15], [0, 0, 2, 31, 168]]"
query_lag,123,correct,0.8849557522123894,0.8803455012861636,0.8769912477880979,0.9859068328612655,0.8596491228070176,0.7512437810945274,22,47,"[[283, 0, 1, 0, 2], [2, 195, 7, 0, 1], [0, 2, 175, 32, 1], [0, 0, 10, 196, 22], [0, 0, 3, 47, 151]]"
query_lag,123,all,0.8840707964601769,0.8795434811797401,0.8758884908958674,0.9863327430988381,0.868421052631579,0.7512437810945274,22,47,"[[283, 0, 1, 0, 2], [2, 195, 7, 0, 1], [0, 2, 172, 35, 1], [0, 0, 8, 198, 22], [0, 0, 3, 47, 151]]"
query_lag,123,laca_only,0.8831858407079646,0.878529107499434,0.8750438419600952,0.9857656520050853,0.8596491228070176,0.746268656716418,22,48,"[[283, 0, 1, 0, 2], [2, 195, 7, 0, 1], [0, 2, 174, 33, 1], [0, 0, 10, 196, 22], [0, 0, 3, 48, 150]]"
query_lag,2024,correct,0.8823008849557522,0.8781827973196392,0.8737291239406465,0.9866320710481379,0.8903508771929824,0.7412935323383084,18,51,"[[282, 1, 0, 0, 3], [2, 193, 8, 1, 1], [0, 0, 170, 37, 3], [0, 0, 7, 203, 18], [0, 0, 1, 51, 149]]"
query_lag,2024,all,0.8787610619469026,0.8744664233209125,0.8700598761944154,0.9859807955798902,0.8771929824561403,0.7313432835820896,19,53,"[[282, 1, 0, 0, 3], [2, 193, 8, 1, 1], [0, 0, 171, 36, 3], [0, 0, 9, 200, 19], [0, 0, 1, 53, 147]]"
query_lag,2024,laca_only,0.8831858407079646,0.8791248065341366,0.8747241488162685,0.986589776759075,0.8903508771929824,0.746268656716418,18,50,"[[282, 1, 0, 0, 3], [2, 193, 8, 1, 1], [0, 0, 170, 37, 3], [0, 0, 7, 203, 18], [0, 0, 1, 50, 150]]"
query_lag,7,correct,0.9061946902654867,0.901915304607687,0.9005163060009496,0.9896786539236466,0.8421052631578947,0.8208955223880597,19,33,"[[284, 1, 1, 0, 0], [2, 196, 7, 0, 0], [0, 2, 187, 19, 2], [0, 0, 17, 192, 19], [0, 0, 3, 33, 165]]"
query_lag,7,all,0.904424778761062,0.9000864056229192,0.8985169410067385,0.989089970684117,0.8464912280701754,0.8159203980099502,18,34,"[[284, 1, 1, 0, 0], [2, 197, 6, 0, 0], [0, 3, 184, 21, 2], [0, 0, 17, 193, 18], [0, 0, 3, 34, 164]]"
query_lag,7,laca_only,0.904424778761062,0.9002393311576521,0.8986867320661125,0.9896329368811534,0.8377192982456141,0.8208955223880597,20,33,"[[284, 1, 1, 0, 0], [2, 196, 7, 0, 0], [0, 1, 186, 21, 2], [0, 0, 17, 191, 20], [0, 0, 3, 33, 165]]"
query_lag,99,correct,0.8654867256637168,0.8600489882225778,0.8562408911635819,0.9830428902152202,0.8508771929824561,0.7412935323383084,21,47,"[[282, 0, 1, 0, 3], [4, 190, 10, 0, 1], [0, 2, 163, 40, 5], [0, 0, 13, 194, 21], [0, 1, 4, 47, 149]]"
query_lag,99,all,0.8619469026548673,0.8562836659471198,0.8524871402044587,0.9829014333230125,0.8464912280701754,0.736318407960199,21,48,"[[282, 0, 1, 0, 3], [4, 191, 9, 0, 1], [0, 3, 160, 42, 5], [0, 0, 14, 193, 21], [0, 1, 4, 48, 148]]"
query_lag,99,laca_only,0.8646017699115044,0.8591847462891822,0.8554621149547673,0.9830205360691366,0.8421052631578947,0.7412935323383084,22,47,"[[282, 0, 1, 0, 3], [4, 191, 9, 0, 1], [0, 2, 163, 40, 5], [0, 0, 14, 192, 22], [0, 1, 4, 47, 149]]"
