stage,condition_id,lambda_align,lambda_cons,accuracy,macro_f1,balanced_accuracy,macro_auroc,n_test_correct,final_train_loss,final_train_loss_cls,final_train_loss_align,final_train_loss_cons,final_val_loss_cls,final_val_loss_align,final_val_loss_cons,learned_lag_as_mean,learned_lag_as_std,learned_lag_as_ms,learned_lag_sa_mean,best_val_macro_f1,best_epoch,mamba_params,conv_path,rng_matches_v12,init_matches_baseline,rng_matches_baseline,n_test_windows,metrics_source,status,seed,train_seconds,run_seconds,note,finished_at
P0,baseline,0.1,0.1,0.9079646017699115,0.9047540152267212,0.9021819456831816,0.9893870482149347,1026,0.301777,0.130965,1.267793,0.440328,0.414574,2.54596,0.453088,-0.029127,0.068548,-74.56,-0.016191,0.902369,17,874496,fused (causal-conv1d CUDA kernel),True,,,1130,"live forward pass (best-val checkpoint epoch 17, 1130 test windows)",computed,42,176.8,288.0,reproduces v12 winner (all 4 metrics within 0.0005),2026-09-25 14:57:40
P1,baseline,0.1,0.1,0.9079646017699115,0.9047540152267212,0.9021819456831816,0.9893870482149347,1026,0.301777,0.130965,1.267793,0.440328,0.414574,2.54596,0.453088,-0.029127,0.068548,-74.56,-0.016191,0.902369,17,874496,fused (causal-conv1d CUDA kernel),True,,,1130,"REUSED from P0/baseline (live forward pass (best-val checkpoint epoch 17, 1130 test windows))",reused from P0/baseline (not re-run),42,0.0,0.0,Part 0 baseline,2026-09-25 14:57:40
P1,no_align,0.0,0.1,0.9,0.8959133781878658,0.8938847003589403,0.9877508632467376,1017,0.193261,0.149994,2.933656,0.432668,0.446023,3.436086,0.445955,-0.01018,0.109244,-26.06,-0.027135,0.896642,17,874496,fused (causal-conv1d CUDA kernel),True,True,True,1130,"live forward pass (best-val checkpoint epoch 17, 1130 test windows)",computed,42,182.6,235.5,ablation,2026-09-25 15:01:35
P1,no_cons,0.1,0.0,0.8920353982300885,0.88827741028054,0.8858878602158352,0.9876240859843964,1008,0.252811,0.138604,1.142072,1.555832,0.463424,2.419108,1.536842,-0.025197,0.066569,-64.5,-0.008621,0.89695,17,874496,fused (causal-conv1d CUDA kernel),True,True,True,1130,"live forward pass (best-val checkpoint epoch 17, 1130 test windows)",computed,42,153.9,267.0,ablation,2026-09-25 15:06:02
P2,align_0.05,0.05,0.1,0.8823008849557522,0.8776661863567352,0.8754757274351856,0.9846986618815379,997,0.279594,0.130148,2.109097,0.439913,0.479823,3.151553,0.455061,-0.023153,0.093973,-59.27,-0.014099,0.890587,17,874496,fused (causal-conv1d CUDA kernel),True,True,True,1130,"live forward pass (best-val checkpoint epoch 17, 1130 test windows)",computed,42,144.9,188.0,grid lambda_align; lambda_cons held at 0.1,2026-09-25 15:09:10
P2,align_0.1,0.1,0.1,0.9079646017699115,0.9047540152267212,0.9021819456831816,0.9893870482149347,1026,0.301777,0.130965,1.267793,0.440328,0.414574,2.54596,0.453088,-0.029127,0.068548,-74.56,-0.016191,0.902369,17,874496,fused (causal-conv1d CUDA kernel),True,,,1130,"REUSED from P0/baseline (live forward pass (best-val checkpoint epoch 17, 1130 test windows))",reused from P0/baseline (not re-run),42,0.0,0.0,grid lambda_align; lambda_cons held at 0.1,2026-09-25 15:09:10
P2,align_0.2,0.2,0.1,0.9008849557522124,0.8977898620060257,0.8941195162203727,0.9876062636180688,1018,0.273449,0.109656,0.555582,0.526761,0.382633,1.827298,0.550226,-0.020026,0.052955,-51.27,0.006767,0.9058,17,874496,fused (causal-conv1d CUDA kernel),True,True,True,1130,"live forward pass (best-val checkpoint epoch 17, 1130 test windows)",computed,42,154.2,287.3,grid lambda_align; lambda_cons held at 0.1,2026-09-25 15:13:58
P2,cons_0.05,0.1,0.05,0.8849557522123894,0.8815450311877056,0.877414347191712,0.9878839938737298,1000,0.283479,0.136724,1.209772,0.515573,0.425674,2.488204,0.528669,-0.026533,0.06742,-67.93,-0.021308,0.891945,13,874496,fused (causal-conv1d CUDA kernel),True,True,True,1130,"live forward pass (best-val checkpoint epoch 13, 1130 test windows)",computed,42,143.1,246.2,grid lambda_cons; lambda_align held at 0.1,2026-09-25 15:18:04
P2,cons_0.1,0.1,0.1,0.9079646017699115,0.9047540152267212,0.9021819456831816,0.9893870482149347,1026,0.301777,0.130965,1.267793,0.440328,0.414574,2.54596,0.453088,-0.029127,0.068548,-74.56,-0.016191,0.902369,17,874496,fused (causal-conv1d CUDA kernel),True,,,1130,"REUSED from P0/baseline (live forward pass (best-val checkpoint epoch 17, 1130 test windows))",reused from P0/baseline (not re-run),42,0.0,0.0,grid lambda_cons; lambda_align held at 0.1,2026-09-25 15:18:04
P2,cons_0.2,0.1,0.2,0.9088495575221239,0.9055896228054607,0.9029049490415957,0.9895873834479362,1027,0.33549,0.127212,1.402182,0.340296,0.430131,2.677666,0.355444,-0.033311,0.074895,-85.28,-0.009831,0.906595,17,874496,fused (causal-conv1d CUDA kernel),True,True,True,1130,"live forward pass (best-val checkpoint epoch 17, 1130 test windows)",computed,42,162.7,265.7,grid lambda_cons; lambda_align held at 0.1,2026-09-25 15:22:30
