slot,condition,seed,htt_time,laca_lag,source,accuracy,macro_f1,balanced_accuracy,macro_auroc,class3_recall,class4_recall,err_3to4,err_4to3,recall_c0,recall_c1,recall_c2,recall_c3,recall_c4,confusion_matrix,best_val_macro_f1,best_epoch,init_sha1,rng_sha1,paired_with_v18,htt_time_term_final,lag_term_final,train_seconds,finished_at
1,A,42,True,False,trained in v22,0.9088495575221239,0.9057330017972403,0.9030033658152373,0.9891867537737307,0.8947368421052632,0.8507462686567164,16,28,0.9895104895104895,0.9609756097560975,0.819047619047619,0.8947368421052632,0.8507462686567164,"[[283, 0, 1, 0, 2], [3, 197, 2, 1, 2], [0, 1, 172, 35, 2], [0, 0, 8, 204, 16], [0, 0, 2, 28, 171]]",0.901371,17,5850841e699f,5641b401720d,True,1.124580979347229,0.0,170.3,2026-09-26 19:09:16
2,B,42,False,True,trained in v22,0.8884955752212389,0.8849017570554392,0.8823992880391248,0.9875584330592606,0.8508771929824561,0.8557213930348259,25,27,0.9825174825174825,0.9609756097560975,0.7619047619047619,0.8508771929824561,0.8557213930348259,"[[281, 0, 0, 0, 5], [2, 197, 4, 1, 1], [0, 1, 160, 47, 2], [0, 0, 9, 194, 25], [0, 0, 2, 27, 172]]",0.904628,17,5850841e699f,5641b401720d,True,0.0,1.12577486038208,140.4,2026-09-26 19:13:20
3,C,42,True,True,trained in v22,0.8938053097345132,0.8900430576358016,0.8873790660511102,0.986928283391767,0.8640350877192983,0.8258706467661692,22,32,0.986013986013986,0.9609756097560975,0.8,0.8640350877192983,0.8258706467661692,"[[282, 0, 1, 0, 3], [2, 197, 4, 0, 2], [0, 2, 168, 39, 1], [0, 0, 9, 197, 22], [0, 0, 3, 32, 166]]",0.894077,17,5850841e699f,5641b401720d,True,1.257906198501587,1.8545926809310913,163.7,2026-09-26 19:18:07
4,D,42,False,False,trained in v22,0.9097345132743363,0.90640272771588,0.9040236181473512,0.9890678208140686,0.8859649122807017,0.8706467661691543,16,23,0.993006993006993,0.9609756097560975,0.8095238095238095,0.8859649122807017,0.8706467661691543,"[[284, 0, 0, 0, 2], [3, 197, 4, 0, 1], [0, 1, 170, 38, 1], [0, 0, 10, 202, 16], [0, 0, 3, 23, 175]]",0.908769,17,5850841e699f,5641b401720d,True,0.0,0.0,138.0,2026-09-26 19:20:28
5,A,123,True,False,reused v18 beta=0.0 (not retrained),0.8876106194690265,0.8826825575079713,0.8790467961967972,0.9861866752615566,0.8903508771929824,0.7164179104477612,17,54,0.9895104895104895,0.9560975609756097,0.8428571428571429,0.8903508771929824,0.7164179104477612,"[[283, 1, 1, 0, 1], [2, 196, 6, 1, 0], [0, 2, 177, 30, 1], [0, 0, 8, 203, 17], [0, 1, 2, 54, 144]]",,,74be0883c62b,0a4b3be44b18,,,,,2026-09-26 19:20:28
6,B,123,False,True,trained in v22,0.8840707964601769,0.8794995041476132,0.8754674346148299,0.9874435840796357,0.8859649122807017,0.7263681592039801,15,52,0.9895104895104895,0.9707317073170731,0.8047619047619048,0.8859649122807017,0.7263681592039801,"[[283, 0, 2, 0, 1], [1, 199, 4, 0, 1], [0, 3, 169, 38, 0], [0, 0, 11, 202, 15], [1, 0, 2, 52, 146]]",0.912606,20,74be0883c62b,0a4b3be44b18,True,0.0,1.298966646194458,309.5,2026-09-26 19:25:37
7,C,123,True,True,trained in v22,0.8884955752212389,0.8838406391126263,0.880942616928094,0.9853528858095087,0.8640350877192983,0.7711442786069652,24,43,0.9895104895104895,0.9609756097560975,0.819047619047619,0.8640350877192983,0.7711442786069652,"[[283, 0, 1, 0, 2], [2, 197, 5, 0, 1], [0, 4, 172, 32, 2], [0, 0, 7, 197, 24], [0, 0, 3, 43, 155]]",0.9021,15,74be0883c62b,0a4b3be44b18,True,1.2006934881210327,1.581067681312561,174.9,2026-09-26 19:29:43
8,D,123,False,False,trained in v22,0.8991150442477877,0.894796448034539,0.8915204180283789,0.9882101818367766,0.8991228070175439,0.7661691542288557,15,44,0.993006993006993,0.9707317073170731,0.8285714285714286,0.8991228070175439,0.7661691542288557,"[[284, 1, 1, 0, 0], [1, 199, 4, 0, 1], [0, 4, 174, 32, 0], [0, 0, 8, 205, 15], [1, 0, 2, 44, 154]]",0.911255,20,74be0883c62b,0a4b3be44b18,True,0.0,0.0,162.1,2026-09-26 19:34:16
9,A,2024,True,False,reused v18 beta=0.0 (not retrained),0.8805309734513275,0.8763643000413779,0.8715485268344848,0.9866958753709998,0.9035087719298246,0.746268656716418,16,51,0.986013986013986,0.9219512195121952,0.8,0.9035087719298246,0.746268656716418,"[[282, 1, 0, 0, 3], [2, 189, 12, 1, 1], [0, 0, 168, 39, 3], [0, 0, 6, 206, 16], [0, 0, 0, 51, 150]]",,,92852955eef1,619c0e0a6b4d,,,,,2026-09-26 19:34:46
10,B,2024,False,True,trained in v22,0.8858407079646018,0.8815951064337101,0.8783501789979671,0.9857059456512658,0.8464912280701754,0.7910447761194029,25,40,0.993006993006993,0.9707317073170731,0.7904761904761904,0.8464912280701754,0.7910447761194029,"[[284, 1, 0, 0, 1], [0, 199, 5, 0, 1], [0, 1, 166, 41, 2], [0, 0, 10, 193, 25], [0, 0, 2, 40, 159]]",0.914222,17,92852955eef1,619c0e0a6b4d,True,0.0,0.9662666916847229,192.9,2026-09-26 19:37:59
11,C,2024,True,True,trained in v22,0.879646017699115,0.8742357339300486,0.8720160236240938,0.9862867775865294,0.8157894736842105,0.7711442786069652,29,41,0.993006993006993,0.9658536585365853,0.8142857142857143,0.8157894736842105,0.7711442786069652,"[[284, 0, 0, 0, 2], [2, 198, 4, 0, 1], [0, 5, 171, 33, 1], [0, 0, 13, 186, 29], [0, 1, 4, 41, 155]]",0.905402,16,92852955eef1,619c0e0a6b4d,True,1.2522592544555664,0.9693523049354553,234.5,2026-09-26 19:42:24
12,D,2024,False,False,trained in v22,0.8867256637168142,0.8824386737488268,0.8794072629163541,0.9864377660864745,0.8464912280701754,0.8059701492537313,24,37,0.993006993006993,0.9658536585365853,0.7857142857142857,0.8464912280701754,0.8059701492537313,"[[284, 1, 0, 0, 1], [0, 198, 6, 0, 1], [0, 2, 165, 42, 1], [0, 0, 11, 193, 24], [0, 0, 2, 37, 162]]",0.91956,17,92852955eef1,619c0e0a6b4d,True,0.0,0.0,212.2,2026-09-26 19:47:46
13,A,7,True,False,reused v18 beta=0.0 (not retrained),0.9061946902654867,0.9019350016739314,0.9008047135870789,0.9897445660698647,0.8377192982456141,0.845771144278607,21,28,0.993006993006993,0.9560975609756097,0.8714285714285714,0.8377192982456141,0.845771144278607,"[[284, 1, 0, 0, 1], [2, 196, 7, 0, 0], [0, 3, 183, 22, 2], [0, 0, 16, 191, 21], [0, 0, 3, 28, 170]]",,,7f5d0cd2e7cb,9fdcf777d285,,,,,2026-09-26 19:48:17
14,B,7,False,True,trained in v22,0.8991150442477877,0.8951085373624036,0.892403797417305,0.9880486605407311,0.8640350877192983,0.8258706467661692,18,33,0.9965034965034965,0.975609756097561,0.8,0.8640350877192983,0.8258706467661692,"[[285, 0, 1, 0, 0], [1, 200, 4, 0, 0], [0, 2, 168, 37, 3], [0, 0, 13, 197, 18], [1, 0, 1, 33, 166]]",0.918698,20,7f5d0cd2e7cb,9fdcf777d285,True,0.0,0.9293586611747742,192.7,2026-09-26 19:51:30
15,C,7,True,True,trained in v22,0.8964601769911504,0.8920671005070464,0.890241547389824,0.9884796293166703,0.8421052631578947,0.8308457711442786,16,31,0.993006993006993,0.9804878048780488,0.8047619047619048,0.8421052631578947,0.8308457711442786,"[[284, 1, 1, 0, 0], [1, 201, 3, 0, 0], [0, 5, 169, 35, 1], [0, 0, 20, 192, 16], [0, 1, 2, 31, 167]]",0.90937,17,7f5d0cd2e7cb,9fdcf777d285,True,1.1861438751220703,0.9639906883239746,165.6,2026-09-26 19:54:46
16,D,7,False,False,trained in v22,0.8876106194690265,0.8835475452484998,0.8803460855559797,0.9863885321796735,0.8771929824561403,0.8308457711442786,21,32,0.9895104895104895,0.975609756097561,0.7285714285714285,0.8771929824561403,0.8308457711442786,"[[283, 1, 1, 0, 1], [1, 200, 4, 0, 0], [0, 0, 153, 53, 4], [0, 0, 7, 200, 21], [1, 0, 1, 32, 167]]",0.917909,18,7f5d0cd2e7cb,9fdcf777d285,True,0.0,0.0,292.6,2026-09-26 20:00:19
17,A,99,True,False,reused v18 beta=0.0 (not retrained),0.8690265486725663,0.8638026478536822,0.8598248510633313,0.9829841151452052,0.8640350877192983,0.7412935323383084,19,48,0.986013986013986,0.926829268292683,0.780952380952381,0.8640350877192983,0.7412935323383084,"[[282, 0, 1, 0, 3], [5, 190, 9, 0, 1], [0, 2, 164, 39, 5], [0, 0, 12, 197, 19], [0, 1, 3, 48, 149]]",,,e40c78169f57,81dcd4638a88,,,,,2026-09-26 20:00:49
18,B,99,False,True,trained in v22,0.8769911504424779,0.8716556384157176,0.8688045177668308,0.9856109168477897,0.8464912280701754,0.7860696517412935,27,38,0.9895104895104895,0.9219512195121952,0.8,0.8464912280701754,0.7860696517412935,"[[283, 0, 0, 0, 3], [4, 189, 11, 0, 1], [0, 3, 168, 33, 6], [0, 0, 8, 193, 27], [0, 0, 5, 38, 158]]",0.892521,16,e40c78169f57,81dcd4638a88,True,0.0,1.0852835178375244,212.6,2026-09-26 20:04:22
19,C,99,True,True,trained in v22,0.863716814159292,0.8577105576939189,0.8553663166676406,0.9842761673528237,0.7982456140350878,0.7562189054726368,29,43,0.986013986013986,0.926829268292683,0.8095238095238095,0.7982456140350878,0.7562189054726368,"[[282, 1, 1, 0, 2], [4, 190, 10, 0, 1], [0, 5, 170, 32, 3], [0, 0, 17, 182, 29], [0, 1, 5, 43, 152]]",0.881905,20,e40c78169f57,81dcd4638a88,True,1.6092517375946045,1.8525409698486328,234.8,2026-09-26 20:08:47
20,D,99,False,False,trained in v22,0.8761061946902655,0.8706475966690842,0.8674517096721225,0.9849767655219335,0.8464912280701754,0.7661691542288557,22,41,0.993006993006993,0.926829268292683,0.8047619047619048,0.8464912280701754,0.7661691542288557,"[[284, 0, 0, 0, 2], [4, 190, 10, 0, 1], [0, 1, 169, 33, 7], [0, 0, 13, 193, 22], [0, 0, 6, 41, 154]]",0.894965,16,e40c78169f57,81dcd4638a88,True,0.0,0.0,230.3,2026-09-26 20:14:28
