condition,seed,offset,accuracy,macro_f1,macro_auroc,class4_recall,retention_pct,identical_to_offset0
A,42,0.0,0.9088495575221239,0.9057330017972403,0.9891867537737307,0.8507462686567164,100.0,True
A,42,0.05,0.9053097345132743,0.9021639863075631,0.9885345669645214,0.8557213930348259,99.6059528047896,False
A,42,0.1,0.9017699115044248,0.8984888069080924,0.9884510034721682,0.8507462686567164,99.20018428446647,False
A,42,0.2,0.9017699115044248,0.8985030272542721,0.988477838465131,0.8756218905472637,99.20175432179,False
A,42,0.3,0.8964601769911504,0.8930864485789529,0.9876773010165539,0.8805970149253731,98.60372171564988,False
B,42,0.0,0.8884955752212389,0.8849017570554392,0.9875584330592606,0.8557213930348259,100.0,True
B,42,0.05,0.8884955752212389,0.8849017570554392,0.9875769773998716,0.8557213930348259,100.0,False
B,42,0.1,0.8893805309734514,0.8858221610376871,0.9875727899479948,0.8557213930348259,100.10401199623679,False
B,42,0.2,0.8884955752212389,0.8848872102776791,0.98756620817603,0.8557213930348259,99.99835611381218,False
B,42,0.3,0.8884955752212389,0.8848872102776791,0.9875311150157835,0.8557213930348259,99.99835611381218,False
C,42,0.0,0.8938053097345132,0.8900430576358016,0.986928283391767,0.8258706467661692,100.0,True
C,42,0.05,0.8911504424778761,0.8874654856769538,0.9870419407874493,0.8407960199004975,99.71039918386707,False
C,42,0.1,0.8884955752212389,0.8847611904799406,0.9866480951885397,0.8407960199004975,99.40656049046761,False
C,42,0.2,0.8876106194690265,0.8839827731944896,0.986160470199861,0.8407960199004975,99.31910210530603,False
C,42,0.3,0.8840707964601769,0.8801734347609445,0.9855716737536488,0.8656716417910447,98.89110725709455,False
D,42,0.0,0.9097345132743363,0.90640272771588,0.9890678208140686,0.8706467661691543,100.0,True
D,42,0.05,0.9097345132743363,0.90640272771588,0.9890678208140686,0.8706467661691543,100.0,True
D,42,0.1,0.9097345132743363,0.90640272771588,0.9890678208140686,0.8706467661691543,100.0,True
D,42,0.2,0.9097345132743363,0.90640272771588,0.9890678208140686,0.8706467661691543,100.0,True
D,42,0.3,0.9097345132743363,0.90640272771588,0.9890678208140686,0.8706467661691543,100.0,True
