mission,true,pred,p0,p1,p2,p3,p4
rosbag2_2021_12_22-09_14_31,0,0,0.840997040271759,0.0401037260890007,0.04306852072477341,0.04069417342543602,0.03513653203845024
rosbag2_2021_12_22-09_17_33,0,0,0.8604440689086914,0.035757556557655334,0.03803599625825882,0.03485581651329994,0.030906548723578453
rosbag2_2021_12_22-09_21_12,1,1,0.01769336313009262,0.9034076929092407,0.04633884131908417,0.01721261627972126,0.015347286127507687
rosbag2_2021_12_22-09_23_49,1,1,0.012924588285386562,0.9159409999847412,0.047099336981773376,0.013081643730401993,0.010953460820019245
rosbag2_2021_12_22-09_35_36,2,2,0.01524055004119873,0.018844017758965492,0.5015817284584045,0.45103636384010315,0.013297239318490028
rosbag2_2021_12_22-09_37_54,2,2,0.020587991923093796,0.02124081179499626,0.741767406463623,0.2000582218170166,0.016345465555787086
rosbag2_2021_12_22-09_40_31,3,3,0.020333444699645042,0.015284311026334763,0.018319662660360336,0.8317916393280029,0.11427097767591476
rosbag2_2021_12_22-09_43_30,3,3,0.03101293183863163,0.033745795488357544,0.031650323420763016,0.8314337134361267,0.07215730100870132
rosbag2_2021_12_22-09_48_32,4,4,0.024845771491527557,0.03280016407370567,0.03200710937380791,0.09588867425918579,0.8144582509994507
rosbag2_2021_12_22-09_54_38,4,4,0.011921490542590618,0.010833090171217918,0.013036170974373817,0.060171809047460556,0.9040374755859375
rosbag2_2021_12_29-08_57_15,1,1,0.032256364822387695,0.655367374420166,0.279246985912323,0.019850846379995346,0.013278418220579624
rosbag2_2021_12_31-09_05_59,3,3,0.02624533139169216,0.017000706866383553,0.1258367896080017,0.7999520301818848,0.03096514195203781
rosbag2_2021_12_31-09_16_04,4,4,0.042415495961904526,0.035778239369392395,0.035054709762334824,0.054526690393686295,0.8322248458862305
rosbag2_2021_12_31-09_18_27,4,4,0.06570637226104736,0.041031841188669205,0.05368060618638992,0.08722036331892014,0.7523610591888428
rosbag2_2021_12_31-09_32_54,3,3,0.021750446408987045,0.013653499074280262,0.04428206384181976,0.8838458061218262,0.036468036472797394
rosbag2_2021_12_31-10_25_06,0,0,0.8062930703163147,0.047289684414863586,0.05835029482841492,0.052106477320194244,0.03596053272485733
rosbag2_2021_12_31-10_28_23,2,2,0.03374797850847244,0.028497133404016495,0.755720853805542,0.16785061359405518,0.014183406718075275
rosbag2_2021_12_31-10_30_26,2,2,0.035387616604566574,0.052104659378528595,0.762488842010498,0.12811130285263062,0.021907655522227287
rosbag2_2021_12_31-10_33_37,4,4,0.01575510762631893,0.009838202968239784,0.012579312548041344,0.025557994842529297,0.9362692832946777
rosbag2_2021_12_31-11_49_03,4,4,0.03463844954967499,0.021422917023301125,0.02743973210453987,0.1941656470298767,0.7223333120346069
rosbag2_2021_12_31-11_52_05,0,0,0.9196221828460693,0.02032085508108139,0.0237193014472723,0.02141273021697998,0.014925073832273483
rosbag2_2021_12_31-11_53_53,0,0,0.8892855644226074,0.025893649086356163,0.032640617340803146,0.03080807998776436,0.02137196995317936
rosbag2_2021_12_31-11_56_27,1,1,0.02387911081314087,0.8043261766433716,0.14438728988170624,0.01661127805709839,0.010796082206070423
rosbag2_2021_12_31-12_05_31,1,1,0.026808788999915123,0.6426188349723816,0.2990111708641052,0.018704373389482498,0.012856611981987953
rosbag2_2021_12_31-12_26_49,3,3,0.032070137560367584,0.029382988810539246,0.0683586597442627,0.8422387838363647,0.02794932946562767
rosbag2_2021_12_31-12_29_32,3,3,0.01254147756844759,0.008989340625703335,0.15137766301631927,0.8071809411048889,0.01991054229438305
rosbag2_2021_12_31-12_42_59,4,4,0.031932346522808075,0.02252284251153469,0.0368884913623333,0.04488636553287506,0.8637698888778687
rosbag2_2021_12_31-12_48_29,4,4,0.04883706942200661,0.030943894758820534,0.03927111253142357,0.04145092889666557,0.8394970893859863
rosbag2_2021_12_31-12_51_36,1,1,0.02565128728747368,0.927388608455658,0.02186189591884613,0.014871552586555481,0.010226629674434662
rosbag2_2021_12_31-13_03_17,1,1,0.07822686433792114,0.7692179679870605,0.0682818740606308,0.049868784844875336,0.034404680132865906
rosbag2_2021_12_31-13_13_29,3,3,0.04034679755568504,0.024840781465172768,0.0396622009575367,0.6857607960700989,0.20938941836357117
rosbag2_2021_12_31-13_15_35,3,3,0.02453301101922989,0.019029537215828896,0.036982543766498566,0.8044863343238831,0.1149686723947525
rosbag2_2021_12_31-13_21_19,0,0,0.8358504176139832,0.04025532677769661,0.04924614727497101,0.04416215419769287,0.030486106872558594
rosbag2_2021_12_31-13_23_39,0,0,0.8573553562164307,0.03460061177611351,0.042367540299892426,0.03880264610052109,0.026873813942074776
rosbag2_2021_12_31-13_26_27,2,2,0.026892496272921562,0.03159261494874954,0.8315733671188354,0.09875825047492981,0.011183171533048153
rosbag2_2021_12_31-14_09_20,2,2,0.026404064148664474,0.03263838589191437,0.8984940052032471,0.03157205134630203,0.010891493409872055
rosbag2_2021_12_31-14_17_59,3,3,0.03643346577882767,0.02768832817673683,0.048395976424217224,0.7362701892852783,0.1512119323015213
rosbag2_2021_12_31-14_20_48,3,3,0.024001767858862877,0.015587441623210907,0.03389717638492584,0.8415729403495789,0.08494067937135696
rosbag2_2021_12_31-14_24_01,1,1,0.010883464477956295,0.9430461525917053,0.0365590862929821,0.005749513860791922,0.003761639818549156
rosbag2_2021_12_31-14_30_35,1,1,0.033456724137067795,0.8201653361320496,0.10922766476869583,0.021969662979245186,0.015180653892457485
rosbag2_2021_12_31-14_34_17,2,2,0.00471010897308588,0.015701215714216232,0.927069365978241,0.050243619829416275,0.0022755907848477364
rosbag2_2021_12_31-14_37_15,2,2,0.03554663434624672,0.02614007703959942,0.8317736387252808,0.09108852595090866,0.015451282262802124
rosbag2_2021_12_31-14_47_10,4,4,0.035715553909540176,0.02248285338282585,0.032854191958904266,0.09295506030321121,0.8159922361373901
rosbag2_2021_12_31-14_51_23,4,4,0.015479138121008873,0.010299256071448326,0.01516156829893589,0.03261135146021843,0.92644864320755
rosbag2_2021_12_31-14_55_15,0,0,0.8724960088729858,0.031223952770233154,0.03894095867872238,0.033727314323186874,0.02361185848712921
rosbag2_2021_12_31-14_57_10,0,0,0.7912855744361877,0.05045880377292633,0.06415311247110367,0.055433038622140884,0.03866950049996376
rosbag2_2022_01_04-10_18_02,1,1,0.056847717612981796,0.6411848068237305,0.22156023979187012,0.04125632345676422,0.039150871336460114
rosbag2_2022_01_04-10_23_25,1,1,0.04361371695995331,0.7170073986053467,0.1940174549818039,0.023110022768378258,0.0222514346241951
rosbag2_2022_01_04-10_30_46,2,3,0.04898526147007942,0.031257860362529755,0.15014201402664185,0.7301085591316223,0.039506230503320694
rosbag2_2022_01_04-10_34_55,2,3,0.020534947514533997,0.011738489381968975,0.23317989706993103,0.7206171751022339,0.013929641805589199
rosbag2_2022_01_04-10_38_51,3,3,0.044534798711538315,0.03062291070818901,0.03966600447893143,0.6495963931083679,0.23558029532432556
rosbag2_2022_01_04-10_41_06,3,3,0.03391260281205177,0.02609032392501831,0.03507300838828087,0.7473303079605103,0.15759363770484924
rosbag2_2022_01_04-10_43_36,4,4,0.035920094698667526,0.02019224688410759,0.024889618158340454,0.07647006213665009,0.8425278663635254
rosbag2_2022_01_04-10_45_38,4,4,0.031927689909935,0.018016742542386055,0.0331253819167614,0.06803964823484421,0.8488905429840088
rosbag2_2022_01_04-11_05_45,0,0,0.9158339500427246,0.01775963045656681,0.021466905251145363,0.02291550114750862,0.02202417515218258
rosbag2_2022_01_04-11_10_12,2,2,0.05845970660448074,0.07339312136173248,0.7845156788825989,0.04342718422412872,0.04020434617996216
rosbag2_2022_01_04-11_12_37,2,2,0.06391194462776184,0.10180934518575668,0.7376059293746948,0.0489792674779892,0.04769353196024895
rosbag2_2022_01_04-11_15_00,3,3,0.012657180428504944,0.007185777649283409,0.03134319558739662,0.8807987570762634,0.06801510602235794
rosbag2_2022_01_04-11_24_33,3,3,0.060905151069164276,0.02623673342168331,0.04350191727280617,0.623538076877594,0.24581797420978546
rosbag2_2022_01_04-11_26_50,4,4,0.029664523899555206,0.015301810577511787,0.02455451339483261,0.036156728863716125,0.894322395324707
rosbag2_2022_01_04-11_28_43,4,4,0.047244369983673096,0.02607630379498005,0.03497999906539917,0.06280336529016495,0.8288959860801697
rosbag2_2022_01_04-11_31_42,0,0,0.8851888179779053,0.0239447969943285,0.02925252541899681,0.03150612488389015,0.03010789304971695
rosbag2_2022_01_04-11_33_49,0,0,0.9041614532470703,0.020252857357263565,0.024401048198342323,0.026149285957217216,0.025035493075847626
rosbag2_2022_01_05-08_54_22,1,1,0.025778258219361305,0.9495037198066711,0.007432845421135426,0.00857503991574049,0.008710038848221302
rosbag2_2022_01_05-08_59_12,1,1,0.024106895551085472,0.9469223022460938,0.008074650540947914,0.010191542096436024,0.010704533196985722
rosbag2_2022_01_05-09_05_02,3,3,0.009110684506595135,0.005253986455500126,0.05670877918601036,0.7722272872924805,0.15669940412044525
rosbag2_2022_01_05-09_14_43,3,4,0.03557456284761429,0.01091741118580103,0.023435911163687706,0.29002711176872253,0.6400450468063354
rosbag2_2022_01_05-09_17_09,4,4,0.007477622479200363,0.0020580049604177475,0.0030158828012645245,0.025856558233499527,0.9615920782089233
rosbag2_2022_01_05-09_18_58,4,4,0.048284128308296204,0.020107794553041458,0.028331775218248367,0.045969828963279724,0.8573064208030701
rosbag2_2022_01_05-09_29_43,0,0,0.8909538984298706,0.027257123962044716,0.021291565150022507,0.02928595058619976,0.031211357563734055
rosbag2_2022_01_05-09_33_57,0,0,0.8612497448921204,0.03310592100024223,0.028349753469228745,0.03759491816163063,0.03969960659742355
rosbag2_2022_01_05-09_38_01,1,1,0.0252253208309412,0.9415035843849182,0.010561387985944748,0.011202331632375717,0.011507239192724228
rosbag2_2022_01_05-09_39_47,1,1,0.040890343487262726,0.9090474247932434,0.014459899626672268,0.01746092177927494,0.018141312524676323
rosbag2_2022_01_05-10_11_57,2,2,0.06303248554468155,0.20943252742290497,0.656954288482666,0.037879619747400284,0.032700929790735245
rosbag2_2022_01_05-10_14_29,2,2,0.0329192653298378,0.1539948582649231,0.7695150971412659,0.026696303859353065,0.01687459647655487
rosbag2_2022_01_05-10_16_46,4,4,0.02189785987138748,0.004785383585840464,0.005085702985525131,0.03792694956064224,0.930304229259491
rosbag2_2022_01_05-10_18_58,4,4,0.03053055703639984,0.01032213307917118,0.021006319671869278,0.04787956550717354,0.8902614116668701
rosbag2_2022_01_05-10_23_31,0,0,0.8978017568588257,0.024078121408820152,0.020624373108148575,0.02795129269361496,0.029544323682785034
rosbag2_2022_01_10-08_55_08,0,0,0.9162638783454895,0.018690207973122597,0.020513547584414482,0.022517750039696693,0.02201463095843792
rosbag2_2022_01_10-08_57_19,1,1,0.03392225131392479,0.9200048446655273,0.015912789851427078,0.014769582077860832,0.015390650369226933
rosbag2_2022_01_10-08_59_08,1,1,0.056458886712789536,0.8438827395439148,0.0367315448820591,0.030748724937438965,0.03217810019850731
rosbag2_2022_01_10-09_01_42,2,2,0.028278259560465813,0.028217965736985207,0.8807640075683594,0.03771702200174332,0.025022761896252632
rosbag2_2022_01_10-09_08_21,2,2,0.020312365144491196,0.19405421614646912,0.759721577167511,0.013198284432291985,0.012713655829429626
rosbag2_2022_01_10-09_15_18,3,3,0.03913533687591553,0.02583947405219078,0.0575062558054924,0.8405460119247437,0.036972880363464355
rosbag2_2022_01_10-09_26_06,3,3,0.06814204156398773,0.03593539819121361,0.06981071829795837,0.76558917760849,0.06052270904183388
rosbag2_2022_01_10-09_34_38,0,0,0.9172385334968567,0.019113358110189438,0.019577059894800186,0.021698201075196266,0.022373132407665253
rosbag2_2022_01_10-09_36_37,0,0,0.8912731409072876,0.026361845433712006,0.026901239529252052,0.02708100713789463,0.028382860124111176
rosbag2_2022_01_10-09_38_47,1,1,0.021651551127433777,0.9337414503097534,0.015171111561357975,0.01442426722496748,0.015011809766292572
rosbag2_2022_01_10-09_40_55,1,1,0.023233095183968544,0.92485511302948,0.020100552588701248,0.01598450541496277,0.015826813876628876
rosbag2_2022_01_10-09_53_30,2,3,0.012767312116920948,0.16586525738239288,0.3832332491874695,0.4237467646598816,0.014387497678399086
rosbag2_2022_01_10-10_07_21,2,2,0.041896894574165344,0.14945568144321442,0.4222205877304077,0.3572757840156555,0.02915113791823387
rosbag2_2022_01_10-10_24_25,3,3,0.014965015463531017,0.010389735922217369,0.20558986067771912,0.7444055080413818,0.024649882689118385
rosbag2_2022_01_10-10_26_25,3,3,0.030702432617545128,0.019633082672953606,0.14714489877223969,0.7675013542175293,0.035018302500247955
rosbag2_2022_01_10-10_28_35,4,4,0.029557112604379654,0.018557317554950714,0.01925801672041416,0.08646763116121292,0.8461599349975586
rosbag2_2022_01_10-10_30_32,4,4,0.01697758212685585,0.009485900402069092,0.009609687142074108,0.12056864798069,0.8433580994606018
