protocol,fold,fold_day,seed,n_train_missions,n_val_missions,n_test_missions,n_train_windows,n_val_windows,n_test_windows,accuracy,macro_f1,balanced_accuracy,macro_auroc,mission_accuracy,mission_macro_f1,mission_balanced_accuracy,best_epoch,best_val_macro_f1,init_sha1,zstats_sha1,class_weights,n_params,train_seconds,probs_file,finished_at
day_out,0,2021-12-22,42,72,13,10,5077,909,760,0.8118421052631579,0.8162600506291982,0.8077167465894849,0.9682044378633095,0.9,0.8933333333333333,0.9,14,0.873863,8d8a76eef845,1efd0d9295c4,"[1.0404, 1.0053, 1.0351, 0.9726, 0.9525]",977350,63.6,/kaggle/working/imu_only_probs/day_out_0_42.npz,2026-09-29T08:11:27
day_out,0,2021-12-22,123,72,13,10,5077,909,760,0.8328947368421052,0.8333155536690782,0.8284465774091405,0.9768078750587008,1.0,1.0,1.0,18,0.883675,c76fb93d9bc1,1efd0d9295c4,"[1.0404, 1.0053, 1.0351, 0.9726, 0.9525]",977350,64.0,/kaggle/working/imu_only_probs/day_out_0_123.npz,2026-09-29T08:12:31
day_out,0,2021-12-22,2024,72,13,10,5077,909,760,0.8394736842105263,0.8475303450722818,0.8324600780292182,0.9789949616595323,1.0,1.0,1.0,9,0.876936,3f31c9b028d4,1efd0d9295c4,"[1.0404, 1.0053, 1.0351, 0.9726, 0.9525]",977350,64.9,/kaggle/working/imu_only_probs/day_out_0_2024.npz,2026-09-29T08:13:36
day_out,1,2021-12-31,42,49,10,36,3455,726,2565,0.834307992202729,0.833852121326388,0.8342627477233894,0.977309775208289,1.0,1.0,1.0,6,0.904782,8d8a76eef845,72e32ec71827,"[1.1236, 0.9678, 0.9571, 0.9466, 1.0252]",977350,46.6,/kaggle/working/imu_only_probs/day_out_1_42.npz,2026-09-29T08:14:22
day_out,1,2021-12-31,123,49,10,36,3455,726,2565,0.8530214424951267,0.8535673763377248,0.8555877282723058,0.9834390798314214,1.0,1.0,1.0,17,0.894564,c76fb93d9bc1,72e32ec71827,"[1.1236, 0.9678, 0.9571, 0.9466, 1.0252]",977350,46.8,/kaggle/working/imu_only_probs/day_out_1_123.npz,2026-09-29T08:15:09
day_out,1,2021-12-31,2024,49,10,36,3455,726,2565,0.8584795321637427,0.8594287511048655,0.8603090611725699,0.9827569344089362,1.0,1.0,1.0,12,0.893407,3f31c9b028d4,72e32ec71827,"[1.1236, 0.9678, 0.9571, 0.9466, 1.0252]",977350,47.1,/kaggle/working/imu_only_probs/day_out_1_2024.npz,2026-09-29T08:15:56
day_out,2,2022-01-04,42,67,11,17,4707,807,1232,0.726461038961039,0.7275175076534908,0.7466530041692497,0.9485909896712197,0.8823529411764706,0.8933333333333333,0.9,16,0.868455,8d8a76eef845,38c63a94c2ea,"[1.0507, 0.9499, 1.1288, 0.9414, 0.9548]",977350,61.8,/kaggle/working/imu_only_probs/day_out_2_42.npz,2026-09-29T08:16:58
day_out,2,2022-01-04,123,67,11,17,4707,807,1232,0.7548701298701299,0.7558436916150436,0.7596596033161125,0.9528052555422384,0.8823529411764706,0.8933333333333333,0.9,14,0.854155,c76fb93d9bc1,38c63a94c2ea,"[1.0507, 0.9499, 1.1288, 0.9414, 0.9548]",977350,61.7,/kaggle/working/imu_only_probs/day_out_2_123.npz,2026-09-29T08:18:00
day_out,2,2022-01-04,2024,67,11,17,4707,807,1232,0.6956168831168831,0.6946419617084574,0.7026342850891588,0.9320439355933553,0.8823529411764706,0.8933333333333333,0.9,13,0.884826,3f31c9b028d4,38c63a94c2ea,"[1.0507, 0.9499, 1.1288, 0.9414, 0.9548]",977350,61.7,/kaggle/working/imu_only_probs/day_out_2_2024.npz,2026-09-29T08:19:02
day_out,3,2022-01-05,42,69,11,15,4972,779,995,0.8452261306532663,0.812795207285828,0.8012926349768286,0.9731508193881669,0.9333333333333333,0.9111111111111111,0.9,4,0.826472,8d8a76eef845,05509fc9b370,"[1.0797, 1.0262, 0.9994, 0.9199, 0.9885]",977350,64.5,/kaggle/working/imu_only_probs/day_out_3_42.npz,2026-09-29T08:20:06
day_out,3,2022-01-05,123,69,11,15,4972,779,995,0.8482412060301507,0.8208375510306402,0.8053563543910508,0.9806658868396104,0.9333333333333333,0.9111111111111111,0.9,5,0.835911,c76fb93d9bc1,05509fc9b370,"[1.0797, 1.0262, 0.9994, 0.9199, 0.9885]",977350,64.2,/kaggle/working/imu_only_probs/day_out_3_123.npz,2026-09-29T08:21:10
day_out,3,2022-01-05,2024,69,11,15,4972,779,995,0.878391959798995,0.8611751918973868,0.8505861776619537,0.9814621329621278,0.9333333333333333,0.9111111111111111,0.9,8,0.742589,3f31c9b028d4,05509fc9b370,"[1.0797, 1.0262, 0.9994, 0.9199, 0.9885]",977350,64.2,/kaggle/working/imu_only_probs/day_out_3_2024.npz,2026-09-29T08:22:14
day_out,4,2022-01-10,42,67,11,17,4758,794,1194,0.8082077051926299,0.816843138025798,0.8224834160718337,0.9705391798203303,1.0,1.0,1.0,16,0.886021,8d8a76eef845,29503d92a060,"[1.0446, 0.9964, 1.1329, 0.9516, 0.9046]",977350,61.7,/kaggle/working/imu_only_probs/day_out_4_42.npz,2026-09-29T08:23:16
day_out,4,2022-01-10,123,67,11,17,4758,794,1194,0.7855946398659966,0.7937359846021214,0.807872498553796,0.9637669863211965,0.8823529411764706,0.8933333333333333,0.9,15,0.88674,c76fb93d9bc1,29503d92a060,"[1.0446, 0.9964, 1.1329, 0.9516, 0.9046]",977350,61.7,/kaggle/working/imu_only_probs/day_out_4_123.npz,2026-09-29T08:24:18
day_out,4,2022-01-10,2024,67,11,17,4758,794,1194,0.821608040201005,0.8280838518549958,0.8353335048927317,0.9739721563068559,1.0,1.0,1.0,11,0.891745,3f31c9b028d4,29503d92a060,"[1.0446, 0.9964, 1.1329, 0.9516, 0.9046]",977350,61.5,/kaggle/working/imu_only_probs/day_out_4_2024.npz,2026-09-29T08:25:19
