row_type,name,seed,n_members,members,accuracy,macro_f1,balanced_accuracy,macro_auroc,n_test_correct,n_test_windows,best_val_macro_f1,best_epoch,final_train_loss,final_train_loss_cls,final_train_loss_align,final_train_loss_cons,learned_lag_as_mean,learned_lag_as_ms,learned_lag_sa_mean,mamba_params,conv_path,init_sha1,rng_sha1,rng_matches_v12,test_order_sha1,probs_path,metrics_source,status,train_seconds,run_seconds,note,finished_at
seed,seed_42,42,1,42,0.9079646017699115,0.9047540152267212,0.9021819456831816,0.9893870482149347,1026,1130,0.902369,17,0.301777,0.130965,1.267793,0.440328,-0.029127,-74.56,-0.016191,874496,fused (causal-conv1d CUDA kernel),c41763e83c33,5641b401720d,True,169980220248edd7d6c9feccac060b7b7ac1ee6f,/kaggle/working/seed_test_probs/seed42_test_probs.npy,"live forward pass (best-val checkpoint epoch 17, 1130 test windows)",computed,148.7,249.9,reference seed; reproduces known baseline (all 4 metrics within 0.0005),2026-09-25 16:37:31
seed,seed_123,123,1,123,0.8876106194690265,0.8818976370764308,0.8792660739142069,0.9861934451153728,1003,1130,0.909574,18,0.323733,0.118759,1.562846,0.486896,-0.015046,-38.52,-0.003094,874496,fused (causal-conv1d CUDA kernel),0e2d24c8bfa5,0a4b3be44b18,False,169980220248edd7d6c9feccac060b7b7ac1ee6f,/kaggle/working/seed_test_probs/seed123_test_probs.npy,"live forward pass (best-val checkpoint epoch 18, 1130 test windows)",computed,154.1,287.2,,2026-09-25 16:42:18
seed,seed_2024,2024,1,2024,0.8823008849557522,0.8783309161428443,0.8735423902699206,0.9866188498183659,997,1130,0.905107,12,0.325498,0.130717,1.492744,0.455064,-0.008806,-22.54,0.016257,874496,fused (causal-conv1d CUDA kernel),5a2be963d138,619c0e0a6b4d,False,169980220248edd7d6c9feccac060b7b7ac1ee6f,/kaggle/working/seed_test_probs/seed2024_test_probs.npy,"live forward pass (best-val checkpoint epoch 12, 1130 test windows)",computed,174.8,287.8,,2026-09-25 16:47:06
seed,seed_7,7,1,7,0.9061946902654867,0.9020733412115728,0.900837257633763,0.9896494690372342,1024,1130,0.909955,14,0.24857,0.075978,1.2607,0.465213,0.006481,16.59,-0.009217,874496,fused (causal-conv1d CUDA kernel),b686c7cff8e1,9fdcf777d285,False,169980220248edd7d6c9feccac060b7b7ac1ee6f,/kaggle/working/seed_test_probs/seed7_test_probs.npy,"live forward pass (best-val checkpoint epoch 14, 1130 test windows)",computed,156.4,259.5,,2026-09-25 16:51:26
seed,seed_99,99,1,99,0.8725663716814159,0.8674825744048924,0.8645838727529759,0.9839860664815614,986,1130,0.888404,20,0.291078,0.120876,1.265654,0.436368,-0.02072,-53.04,-0.018571,874496,fused (causal-conv1d CUDA kernel),6984bf67989e,81dcd4638a88,False,169980220248edd7d6c9feccac060b7b7ac1ee6f,/kaggle/working/seed_test_probs/seed99_test_probs.npy,"live forward pass (best-val checkpoint epoch 20, 1130 test windows)",computed,164.6,287.7,,2026-09-25 16:56:13
ensemble,ensemble_first_2,,2,42 123,0.9106194690265487,0.9069222225580755,0.9043482551590918,0.9906584223950867,1029,1130,,,,,,,,,,,,,,,169980220248edd7d6c9feccac060b7b7ac1ee6f,,"ensemble of saved test probabilities (mean of 2 seeds, argmax)",computed,,,first-k seeds in training order,2026-09-25 16:56:13
ensemble,ensemble_first_3,,3,42 123 2024,0.9053097345132743,0.9018111328175623,0.8982635311539571,0.9913803304148363,1023,1130,,,,,,,,,,,,,,,169980220248edd7d6c9feccac060b7b7ac1ee6f,,"ensemble of saved test probabilities (mean of 3 seeds, argmax)",computed,,,first-k seeds in training order,2026-09-25 16:56:13
ensemble,ensemble_first_4,,4,42 123 2024 7,0.9141592920353983,0.9109177922978684,0.9082362240803029,0.9922436322067554,1033,1130,,,,,,,,,,,,,,,169980220248edd7d6c9feccac060b7b7ac1ee6f,,"ensemble of saved test probabilities (mean of 4 seeds, argmax)",computed,,,first-k seeds in training order,2026-09-25 16:56:13
ensemble,ensemble_first_5,,5,42 123 2024 7 99,0.9088495575221239,0.9056066260371448,0.9022335307798877,0.991948735958613,1027,1130,,,,,,,,,,,,,,,169980220248edd7d6c9feccac060b7b7ac1ee6f,,"ensemble of saved test probabilities (mean of 5 seeds, argmax)",computed,,,first-k seeds in training order,2026-09-25 16:56:13
