run,beta,seed,accuracy,macro_f1,balanced_accuracy,macro_auroc,best_val_macro_f1,best_epoch,beta_at_best,n_test_windows,init_sha1,rng_sha1,lag_contrib_final_epoch,lag_contrib_best,lag_zero_every_epoch,beta_epoch1,beta_epoch5,beta_epoch6,train_seconds,finished_at
1,0.0,42,0.9088495575221239,0.9057330017972403,0.9030033658152373,0.9891867537737307,0.901371,17,0.0,1130,5850841e699f,5641b401720d,0.0,0.0,True,0.0,0.0,0.0,231.3,2026-09-26 11:07:45
2,1.0,42,0.8814159292035398,0.876757425721965,0.87486049201375,0.9871324096899956,0.899164,13,1.0,1130,5850841e699f,5641b401720d,1.7811161279678345,1.8926622867584229,False,0.2,1.0,1.0,181.8,2026-09-26 11:12:48
3,0.0,123,0.8876106194690265,0.8826825575079713,0.8790467961967972,0.9861866752615566,0.910875,20,0.0,1130,74be0883c62b,0a4b3be44b18,0.0,0.0,True,0.0,0.0,0.0,169.8,2026-09-26 11:17:38
4,1.0,123,0.8858407079646018,0.8812179318576554,0.8779156830115771,0.9860566880123136,0.896318,15,1.0,1130,74be0883c62b,0a4b3be44b18,1.9591861963272095,1.9956361055374146,False,0.2,1.0,1.0,242.1,2026-09-26 11:23:41
5,0.0,2024,0.8805309734513275,0.8763643000413779,0.8715485268344848,0.9866958753709998,0.905107,12,0.0,1130,92852955eef1,619c0e0a6b4d,0.0,0.0,True,0.0,0.0,0.0,323.3,2026-09-26 11:30:55
6,1.0,2024,0.8699115044247787,0.8652112392086446,0.860312190635414,0.9853614515056577,0.898126,12,1.0,1130,92852955eef1,619c0e0a6b4d,2.069201946258545,2.4582314491271973,False,0.2,1.0,1.0,294.6,2026-09-26 11:36:20
7,0.0,7,0.9061946902654867,0.9019350016739314,0.9008047135870789,0.9897445660698647,0.910129,14,0.0,1130,7f5d0cd2e7cb,9fdcf777d285,0.0,0.0,True,0.0,0.0,0.0,173.1,2026-09-26 11:39:43
8,1.0,7,0.8938053097345132,0.8891867251928065,0.8869549362496694,0.988235667062973,0.909285,17,1.0,1130,7f5d0cd2e7cb,9fdcf777d285,1.286785364151001,1.2155512571334839,False,0.2,1.0,1.0,221.9,2026-09-26 11:43:56
9,0.0,99,0.8690265486725663,0.8638026478536822,0.8598248510633313,0.9829841151452052,0.887375,16,0.0,1130,e40c78169f57,81dcd4638a88,0.0,0.0,True,0.0,0.0,0.0,152.4,2026-09-26 11:48:39
10,1.0,99,0.8761061946902655,0.8711810957395529,0.8687307342642351,0.9845265182851435,0.885679,20,1.0,1130,e40c78169f57,81dcd4638a88,2.11137056350708,2.11137056350708,False,0.2,1.0,1.0,244.2,2026-09-26 11:53:23
