slot,alignment,condition,seed,eval_set,source,accuracy,macro_f1,balanced_accuracy,macro_auroc,class3_recall,class4_recall,err_3to4,err_4to3,recall_c0,recall_c1,recall_c2,recall_c3,recall_c4,confusion_matrix,n_missions,n_train_windows,n_test_windows,n_test_missions,best_val_macro_f1,best_epoch,init_sha1,rng_sha1,paired_init,tau_invariant,train_seconds,finished_at
1,OLD_ALIGNMENT,D,42,own test set,trained in v24,0.9097345132743363,0.90640272771588,0.9040236181473512,0.9890678208140686,0.8859649122807017,0.8706467661691543,16,23,0.993006993006993,0.9609756097560975,0.8095238095238095,0.8859649122807017,0.8706467661691543,"[[284, 0, 0, 0, 2], [3, 197, 4, 0, 1], [0, 1, 170, 38, 1], [0, 0, 10, 202, 16], [0, 0, 3, 23, 175]]",99,4934,1130,16,0.908769,17,5850841e699f,5641b401720d,True,True,133.8,2026-09-27 08:20:22
1,OLD_ALIGNMENT,D,42,OLD model on CORRECTED's test missions,trained in v24,0.9145299145299145,0.9040815922533835,0.9000135930846944,0.9883996653973142,0.8859649122807017,0.8706467661691543,16,23,0.993006993006993,0.9609756097560975,0.7894736842105263,0.8859649122807017,0.8706467661691543,"[[284, 0, 0, 0, 2], [3, 197, 4, 0, 1], [0, 0, 105, 27, 1], [0, 0, 10, 202, 16], [0, 0, 3, 23, 175]]",99,4934,1053,15,0.908769,17,5850841e699f,5641b401720d,True,True,133.8,2026-09-27 08:20:22
1,OLD_ALIGNMENT,D,42,"OLD model on CORRECTED's test missions, windows from the audio onset",trained in v24,0.9282178217821783,0.921201321898973,0.918237126388016,0.9919088026737123,0.903954802259887,0.8987341772151899,9,14,0.9905660377358491,0.967741935483871,0.8301886792452831,0.903954802259887,0.8987341772151899,"[[210, 0, 0, 0, 2], [2, 150, 2, 0, 1], [0, 0, 88, 18, 0], [0, 0, 8, 160, 9], [0, 0, 2, 14, 142]]",99,4934,808,15,0.908769,17,5850841e699f,5641b401720d,True,True,133.8,2026-09-27 08:20:22
2,CORRECTED_ALIGNMENT,D,42,own test set,trained in v24,0.9079754601226994,0.9014428634096197,0.8939724876561621,0.992763216249706,0.9553072625698324,0.7468354430379747,5,39,0.9906542056074766,0.9807692307692307,0.7962962962962963,0.9553072625698324,0.7468354430379747,"[[212, 2, 0, 0, 0], [0, 153, 2, 1, 0], [0, 2, 86, 19, 1], [0, 0, 3, 171, 5], [0, 1, 0, 39, 118]]",95,3737,815,15,0.927039,15,5850841e699f,5641b401720d,True,True,153.4,2026-09-27 08:24:46
3,OLD_ALIGNMENT,D,123,own test set,trained in v24,0.8991150442477877,0.894796448034539,0.8915204180283789,0.9882101818367766,0.8991228070175439,0.7661691542288557,15,44,0.993006993006993,0.9707317073170731,0.8285714285714286,0.8991228070175439,0.7661691542288557,"[[284, 1, 1, 0, 0], [1, 199, 4, 0, 1], [0, 4, 174, 32, 0], [0, 0, 8, 205, 15], [1, 0, 2, 44, 154]]",99,4934,1130,16,0.911255,20,74be0883c62b,0a4b3be44b18,True,True,305.2,2026-09-27 08:31:52
3,OLD_ALIGNMENT,D,123,OLD model on CORRECTED's test missions,trained in v24,0.899335232668566,0.8895664870891007,0.8837008691561984,0.9874056602640936,0.8991228070175439,0.7661691542288557,15,44,0.993006993006993,0.9707317073170731,0.7894736842105263,0.8991228070175439,0.7661691542288557,"[[284, 1, 1, 0, 0], [1, 199, 4, 0, 1], [0, 0, 105, 28, 0], [0, 0, 8, 205, 15], [1, 0, 2, 44, 154]]",99,4934,1053,15,0.911255,20,74be0883c62b,0a4b3be44b18,True,True,305.2,2026-09-27 08:31:52
3,OLD_ALIGNMENT,D,123,"OLD model on CORRECTED's test missions, windows from the audio onset",trained in v24,0.9158415841584159,0.9103927061330316,0.9034593036174827,0.9910911174262921,0.943502824858757,0.7848101265822784,8,32,0.9905660377358491,0.9870967741935484,0.8113207547169812,0.943502824858757,0.7848101265822784,"[[210, 1, 1, 0, 0], [0, 153, 1, 0, 1], [0, 0, 86, 20, 0], [0, 0, 2, 167, 8], [1, 0, 1, 32, 124]]",99,4934,808,15,0.911255,20,74be0883c62b,0a4b3be44b18,True,True,305.2,2026-09-27 08:31:52
4,CORRECTED_ALIGNMENT,D,123,own test set,trained in v24,0.894478527607362,0.8846220280231434,0.8763897171092857,0.9881395753092281,0.88268156424581,0.8037974683544303,19,29,0.9953271028037384,0.9871794871794872,0.7129629629629629,0.88268156424581,0.8037974683544303,"[[213, 1, 0, 0, 0], [0, 154, 1, 0, 1], [0, 3, 77, 25, 3], [0, 0, 2, 158, 19], [0, 1, 1, 29, 127]]",95,3737,815,15,0.94096,19,74be0883c62b,0a4b3be44b18,True,True,233.5,2026-09-27 08:36:16
5,OLD_ALIGNMENT,D,2024,own test set,trained in v24,0.8867256637168142,0.8824386737488268,0.8794072629163541,0.9864377660864745,0.8464912280701754,0.8059701492537313,24,37,0.993006993006993,0.9658536585365853,0.7857142857142857,0.8464912280701754,0.8059701492537313,"[[284, 1, 0, 0, 1], [0, 198, 6, 0, 1], [0, 2, 165, 42, 1], [0, 0, 11, 193, 24], [0, 0, 2, 37, 162]]",99,4934,1130,16,0.91956,17,92852955eef1,619c0e0a6b4d,True,True,206.0,2026-09-27 08:39:52
5,OLD_ALIGNMENT,D,2024,OLD model on CORRECTED's test missions,trained in v24,0.8907882241215574,0.8790487008286274,0.8741441050216172,0.9856620075735474,0.8464912280701754,0.8059701492537313,24,37,0.993006993006993,0.9658536585365853,0.7593984962406015,0.8464912280701754,0.8059701492537313,"[[284, 1, 0, 0, 1], [0, 198, 6, 0, 1], [0, 0, 101, 31, 1], [0, 0, 11, 193, 24], [0, 0, 2, 37, 162]]",99,4934,1053,15,0.91956,17,92852955eef1,619c0e0a6b4d,True,True,206.0,2026-09-27 08:39:52
5,OLD_ALIGNMENT,D,2024,"OLD model on CORRECTED's test missions, windows from the audio onset",trained in v24,0.9121287128712872,0.9048386290182074,0.9007827964650058,0.9899621474897377,0.8700564971751412,0.8607594936708861,15,21,0.9905660377358491,0.9806451612903225,0.8018867924528302,0.8700564971751412,0.8607594936708861,"[[210, 1, 0, 0, 1], [0, 152, 2, 0, 1], [0, 0, 85, 21, 0], [0, 0, 8, 154, 15], [0, 0, 1, 21, 136]]",99,4934,808,15,0.91956,17,92852955eef1,619c0e0a6b4d,True,True,206.0,2026-09-27 08:39:52
6,CORRECTED_ALIGNMENT,D,2024,own test set,trained in v24,0.9042944785276074,0.8965558896562792,0.897410013106599,0.9836323407488198,0.7821229050279329,0.8734177215189873,25,18,0.9953271028037384,0.9935897435897436,0.8425925925925926,0.7821229050279329,0.8734177215189873,"[[213, 1, 0, 0, 0], [0, 155, 1, 0, 0], [0, 2, 91, 15, 0], [0, 0, 14, 140, 25], [0, 0, 2, 18, 138]]",95,3737,815,15,0.919121,5,92852955eef1,619c0e0a6b4d,True,True,162.9,2026-09-27 08:43:06
7,OLD_ALIGNMENT,D,7,own test set,trained in v24,0.8876106194690265,0.8835475452484998,0.8803460855559797,0.9863885321796735,0.8771929824561403,0.8308457711442786,21,32,0.9895104895104895,0.975609756097561,0.7285714285714285,0.8771929824561403,0.8308457711442786,"[[283, 1, 1, 0, 1], [1, 200, 4, 0, 0], [0, 0, 153, 53, 4], [0, 0, 7, 200, 21], [1, 0, 1, 32, 167]]",99,4934,1130,16,0.917909,18,7f5d0cd2e7cb,9fdcf777d285,True,True,264.2,2026-09-27 08:49:21
7,OLD_ALIGNMENT,D,7,OLD model on CORRECTED's test missions,trained in v24,0.8936372269705603,0.8794041478729268,0.8714739051048518,0.98633953390095,0.8771929824561403,0.8308457711442786,21,32,0.9895104895104895,0.975609756097561,0.6842105263157895,0.8771929824561403,0.8308457711442786,"[[283, 1, 1, 0, 1], [1, 200, 4, 0, 0], [0, 0, 91, 41, 1], [0, 0, 7, 200, 21], [1, 0, 1, 32, 167]]",99,4934,1053,15,0.917909,18,7f5d0cd2e7cb,9fdcf777d285,True,True,264.2,2026-09-27 08:49:21
7,OLD_ALIGNMENT,D,7,"OLD model on CORRECTED's test missions, windows from the audio onset",trained in v24,0.9034653465346535,0.8929578604645829,0.8851949913617826,0.9894147224078598,0.903954802259887,0.8544303797468354,14,21,0.9858490566037735,0.9741935483870968,0.7075471698113207,0.903954802259887,0.8544303797468354,"[[209, 1, 1, 0, 1], [1, 151, 3, 0, 0], [0, 0, 75, 31, 0], [0, 0, 3, 160, 14], [1, 0, 1, 21, 135]]",99,4934,808,15,0.917909,18,7f5d0cd2e7cb,9fdcf777d285,True,True,264.2,2026-09-27 08:49:21
8,CORRECTED_ALIGNMENT,D,7,own test set,trained in v24,0.9214723926380368,0.9156687393156488,0.9079443681876324,0.9940711505707579,0.9720670391061452,0.7784810126582279,3,35,1.0,0.9743589743589743,0.8148148148148148,0.9720670391061452,0.7784810126582279,"[[214, 0, 0, 0, 0], [1, 152, 3, 0, 0], [0, 1, 88, 19, 0], [0, 0, 2, 174, 3], [0, 0, 0, 35, 123]]",95,3737,815,15,0.951209,16,7f5d0cd2e7cb,9fdcf777d285,True,True,233.6,2026-09-27 08:54:05
9,OLD_ALIGNMENT,D,99,own test set,trained in v24,0.8761061946902655,0.8706475966690842,0.8674517096721225,0.9849767655219335,0.8464912280701754,0.7661691542288557,22,41,0.993006993006993,0.926829268292683,0.8047619047619048,0.8464912280701754,0.7661691542288557,"[[284, 0, 0, 0, 2], [4, 190, 10, 0, 1], [0, 1, 169, 33, 7], [0, 0, 13, 193, 22], [0, 0, 6, 41, 154]]",99,4934,1130,16,0.894965,16,e40c78169f57,81dcd4638a88,True,True,163.6,2026-09-27 08:56:59
9,OLD_ALIGNMENT,D,99,OLD model on CORRECTED's test missions,trained in v24,0.8736942070275404,0.8591037579238948,0.8553715091708692,0.9838695536454487,0.8464912280701754,0.7661691542288557,22,41,0.993006993006993,0.926829268292683,0.7443609022556391,0.8464912280701754,0.7661691542288557,"[[284, 0, 0, 0, 2], [4, 190, 10, 0, 1], [0, 1, 99, 28, 5], [0, 0, 13, 193, 22], [0, 0, 6, 41, 154]]",99,4934,1053,15,0.894965,16,e40c78169f57,81dcd4638a88,True,True,163.6,2026-09-27 08:56:59
9,OLD_ALIGNMENT,D,99,"OLD model on CORRECTED's test missions, windows from the audio onset",trained in v24,0.9047029702970297,0.8956623297165589,0.8916781150087084,0.9887561443175048,0.903954802259887,0.810126582278481,9,27,0.9905660377358491,0.9612903225806452,0.7924528301886793,0.903954802259887,0.810126582278481,"[[210, 0, 0, 0, 2], [1, 149, 4, 0, 1], [0, 1, 84, 19, 2], [0, 0, 8, 160, 9], [0, 0, 3, 27, 128]]",99,4934,808,15,0.894965,16,e40c78169f57,81dcd4638a88,True,True,163.6,2026-09-27 08:56:59
10,CORRECTED_ALIGNMENT,D,99,own test set,trained in v24,0.894478527607362,0.8845614504386626,0.8757632427185797,0.9894928516711516,0.9050279329608939,0.7911392405063291,16,31,0.9953271028037384,0.9743589743589743,0.7129629629629629,0.9050279329608939,0.7911392405063291,"[[213, 1, 0, 0, 0], [1, 152, 3, 0, 0], [0, 2, 77, 27, 2], [0, 0, 1, 162, 16], [0, 1, 1, 31, 125]]",95,3737,815,15,0.94077,10,e40c78169f57,81dcd4638a88,True,True,104.1,2026-09-27 09:00:33
