method,level,n_pairs_pooled,pooling,accuracy,macro_f1,f1_ci_low,f1_ci_high,balanced_accuracy,macro_auroc,recall_c0,recall_c1,recall_c2,recall_c3,recall_c4,faulty_pred_normal,normal_pred_faulty,adjacent_error_share
A (cal),window,8,"pooled over 8 of 10 fold/seed pairs (NOT 10); fold 0 windows by seed [123]; fold 1 windows by seed [42]; fold 2 windows by seeds [42, 123]; fold 3 windows by seeds [42, 123]; fold 4 windows by seeds [42, 123]",0.7827415043909889,0.786391812584662,0.7289134886028644,0.8393763971354528,0.7852877656455745,0.9318861508515761,1.0,0.8327239488117002,0.6365503080082136,0.6753130590339893,0.7818515123739689,0.00046761748889408465,0.0,0.9938488576449912
A (cal),mission,8,"pooled over 8 of 10 fold/seed pairs (NOT 10); fold 0 windows by seed [123]; fold 1 windows by seed [42]; fold 2 windows by seeds [42, 123]; fold 3 windows by seeds [42, 123]; fold 4 windows by seeds [42, 123]",0.8315789473684211,0.8315018315018314,0.7540140792938498,0.9053556460366474,0.8322807017543858,0.952477800562011,1.0,0.8947368421052632,0.6666666666666666,0.75,0.85,0.0,0.0,1.0
I (cal),window,8,"pooled over 8 of 10 fold/seed pairs (NOT 10); fold 0 windows by seed [123]; fold 1 windows by seed [42]; fold 2 windows by seeds [42, 123]; fold 3 windows by seeds [42, 123]; fold 4 windows by seeds [42, 123]",0.8734249713631157,0.8721734162546564,0.8395541091015308,0.9020989377962904,0.8739913420350216,0.9789758467755469,0.9989594172736732,0.8647166361974405,0.7474332648870636,0.8184257602862254,0.9404216315307058,0.026888005611409867,0.001040582726326743,0.8687782805429864
I (cal),mission,8,"pooled over 8 of 10 fold/seed pairs (NOT 10); fold 0 windows by seed [123]; fold 1 windows by seed [42]; fold 2 windows by seeds [42, 123]; fold 3 windows by seeds [42, 123]; fold 4 windows by seeds [42, 123]",0.9473684210526315,0.947139515001782,0.9016006037851213,0.9894076655052265,0.9461403508771931,0.9978118326118326,1.0,0.9473684210526315,0.8333333333333334,0.95,1.0,0.0,0.0,1.0
F1 (cal),window,8,"pooled over 8 of 10 fold/seed pairs (NOT 10); fold 0 windows by seed [123]; fold 1 windows by seed [42]; fold 2 windows by seeds [42, 123]; fold 3 windows by seeds [42, 123]; fold 4 windows by seeds [42, 123]",0.8592974417716686,0.8595368138247099,0.8104699245918396,0.9047188873918894,0.8595009702896916,0.9600964703840628,0.9989594172736732,0.8811700182815356,0.702258726899384,0.8076923076923077,0.9074243813015582,0.0,0.001040582726326743,1.0
F1 (cal),mission,8,"pooled over 8 of 10 fold/seed pairs (NOT 10); fold 0 windows by seed [123]; fold 1 windows by seed [42]; fold 2 windows by seeds [42, 123]; fold 3 windows by seeds [42, 123]; fold 4 windows by seeds [42, 123]",0.8947368421052632,0.8943132220795894,0.8315127983503067,0.9484807723667921,0.8945029239766082,0.9779951889292609,1.0,0.8947368421052632,0.7777777777777778,0.85,0.95,0.0,0.0,1.0
EQUAL,window,8,"pooled over 8 of 10 fold/seed pairs (NOT 10); fold 0 windows by seed [123]; fold 1 windows by seed [42]; fold 2 windows by seeds [42, 123]; fold 3 windows by seeds [42, 123]; fold 4 windows by seeds [42, 123]",0.8827796869033983,0.882263831779207,0.8366533813833148,0.9229872412654382,0.8823029808395446,0.9793003392899214,1.0,0.886654478976234,0.7248459958932238,0.8586762075134168,0.9413382218148487,0.0,0.0,1.0
EQUAL,mission,8,"pooled over 8 of 10 fold/seed pairs (NOT 10); fold 0 windows by seed [123]; fold 1 windows by seed [42]; fold 2 windows by seeds [42, 123]; fold 3 windows by seeds [42, 123]; fold 4 windows by seeds [42, 123]",0.9157894736842105,0.9152879640684519,0.8592459551590941,0.9671733324441926,0.9150292397660819,0.9869582728751704,1.0,0.9473684210526315,0.7777777777777778,0.9,0.95,0.0,0.0,1.0
TUNED,window,8,"pooled over 8 of 10 fold/seed pairs (NOT 10); fold 0 windows by seed [123]; fold 1 windows by seed [42]; fold 2 windows by seeds [42, 123]; fold 3 windows by seeds [42, 123]; fold 4 windows by seeds [42, 123]",0.8911798396334479,0.8901544132320426,0.8552390523570341,0.9210661432391316,0.8906717181408406,0.9859922790897542,1.0,0.8884826325411335,0.7402464065708418,0.8640429338103757,0.9605866177818515,0.007248071077858312,0.0,0.9526315789473684
TUNED,mission,8,"pooled over 8 of 10 fold/seed pairs (NOT 10); fold 0 windows by seed [123]; fold 1 windows by seed [42]; fold 2 windows by seeds [42, 123]; fold 3 windows by seeds [42, 123]; fold 4 windows by seeds [42, 123]",0.9473684210526315,0.9452171655354029,0.8964594625764042,0.9891575091575092,0.9450292397660818,0.9957131313131313,1.0,0.9473684210526315,0.7777777777777778,1.0,1.0,0.0,0.0,1.0
PART A (global),window,8,"pooled over 8 of 10 fold/seed pairs (NOT 10); fold 0 windows by seed [123]; fold 1 windows by seed [42]; fold 2 windows by seeds [42, 123]; fold 3 windows by seeds [42, 123]; fold 4 windows by seeds [42, 123]",0.8907980145093547,0.8897444015844049,0.8549330938910344,0.920498066218608,0.8902649650026954,0.986051240398595,1.0,0.8893967093235832,0.7381930184804928,0.8631484794275492,0.9605866177818515,0.007014262333411269,0.0,0.9527972027972028
PART A (global),mission,8,"pooled over 8 of 10 fold/seed pairs (NOT 10); fold 0 windows by seed [123]; fold 1 windows by seed [42]; fold 2 windows by seeds [42, 123]; fold 3 windows by seeds [42, 123]; fold 4 windows by seeds [42, 123]",0.9473684210526315,0.9452171655354029,0.8964594625764042,0.9891575091575092,0.9450292397660818,0.9955688311688313,1.0,0.9473684210526315,0.7777777777777778,1.0,1.0,0.0,0.0,1.0
PART B (class-aware),window,8,"pooled over 8 of 10 fold/seed pairs (NOT 10); fold 0 windows by seed [123]; fold 1 windows by seed [42]; fold 2 windows by seeds [42, 123]; fold 3 windows by seeds [42, 123]; fold 4 windows by seeds [42, 123]",0.8907980145093547,0.891166823940255,0.8533144623190922,0.9242231591158531,0.8916158203600002,0.9816801671801866,1.0,0.8857404021937842,0.7905544147843943,0.817531305903399,0.9642529789184234,0.0032733224222585926,0.0,0.9702797202797203
PART B (class-aware),mission,8,"pooled over 8 of 10 fold/seed pairs (NOT 10); fold 0 windows by seed [123]; fold 1 windows by seed [42]; fold 2 windows by seeds [42, 123]; fold 3 windows by seeds [42, 123]; fold 4 windows by seeds [42, 123]",0.9263157894736842,0.9264034068912117,0.8729932903393915,0.969139063875906,0.9256140350877192,0.9937916305916306,1.0,0.8947368421052632,0.8333333333333334,0.9,1.0,0.0,0.0,1.0
ORACLE,window,8,"pooled over 8 of 10 fold/seed pairs (NOT 10); fold 0 windows by seed [123]; fold 1 windows by seed [42]; fold 2 windows by seeds [42, 123]; fold 3 windows by seeds [42, 123]; fold 4 windows by seeds [42, 123]",0.9578083237877052,0.9576704937590396,0.9341213573038036,0.9768403133523543,0.9570311490614429,,1.0,0.9579524680073126,0.8767967145790554,0.9669051878354203,0.9835013748854262,0.0,0.0,1.0
ORACLE,mission,8,"pooled over 8 of 10 fold/seed pairs (NOT 10); fold 0 windows by seed [123]; fold 1 windows by seed [42]; fold 2 windows by seeds [42, 123]; fold 3 windows by seeds [42, 123]; fold 4 windows by seeds [42, 123]",0.9789473684210527,0.9787114845938376,0.9455197132616486,1.0,0.9777777777777779,,1.0,1.0,0.8888888888888888,1.0,1.0,0.0,0.0,1.0
