model,fold,fold_day,seed,n_train_windows,n_val_windows,n_test_windows,win_accuracy,win_macro_f1,win_balanced_accuracy,win_macro_auroc,mis_accuracy,mis_macro_f1,mis_balanced_accuracy,mis_macro_auroc,best_epoch,best_val_macro_f1,init_sha1,zstats_sha1,class_weights,n_params,train_seconds,g_a_mean,g_a_std,g_a_min,g_a_max,g_i_mean,g_i_std,g_i_min,g_i_max,both_ambiguous_frac,gate_effect_mean_abs_dp,gate_effect_argmax_changed,probs_file,checkpoint,finished_at
A,0,2021-12-22,42,3932,704,602,0.9119601328903655,0.9145156858886793,0.9103571594906683,0.9921298955938578,1.0,1.0,1.0,1.0,16,0.883029,a2901c1c4c22,b5726f1a0d498224,"[1.0443999767303467, 0.9916999936103821, 1.045699954032898, 0.972100019454956, 0.9531999826431274]",1012358,52.2,,,,,,,,,,,,/kaggle/working/v32_npz/A_0_42.npz,/kaggle/working/v32_checkpoints/A_0_42.pt,2026-09-30T03:57:04
A,0,2021-12-22,123,3932,704,602,0.8887043189368771,0.8876435477978593,0.8840527340414631,0.9860609801922846,1.0,1.0,1.0,1.0,7,0.892847,46398f58e902,b5726f1a0d498224,"[1.0443999767303467, 0.9916999936103821, 1.045699954032898, 0.972100019454956, 0.9531999826431274]",1012358,50.3,,,,,,,,,,,,/kaggle/working/v32_npz/A_0_123.npz,/kaggle/working/v32_checkpoints/A_0_123.pt,2026-09-30T03:57:55
I,0,2021-12-22,42,3932,704,602,0.8803986710963455,0.8754978477581851,0.8755925800578964,0.9862279968846204,1.0,1.0,1.0,1.0,20,0.935239,8d8a76eef845,b5726f1a0d498224,"[1.0443999767303467, 0.9916999936103821, 1.045699954032898, 0.972100019454956, 0.9531999826431274]",977350,59.8,,,,,,,,,,,,/kaggle/working/v32_npz/I_0_42.npz,/kaggle/working/v32_checkpoints/I_0_42.pt,2026-09-30T03:58:55
I,0,2021-12-22,123,3932,704,602,0.8903654485049833,0.8846087176950979,0.8849849773392243,0.9875302510474885,0.9,0.8933333333333333,0.9,1.0,15,0.947846,c76fb93d9bc1,b5726f1a0d498224,"[1.0443999767303467, 0.9916999936103821, 1.045699954032898, 0.972100019454956, 0.9531999826431274]",977350,58.7,,,,,,,,,,,,/kaggle/working/v32_npz/I_0_123.npz,/kaggle/working/v32_checkpoints/I_0_123.pt,2026-09-30T03:59:54
F1,0,2021-12-22,42,3932,704,602,0.9518272425249169,0.9522807800256097,0.9499394022191933,0.9979300387750276,1.0,1.0,1.0,1.0,13,0.935196,ded781abc567,b5726f1a0d498224,"[1.0443999767303467, 0.9916999936103821, 1.045699954032898, 0.972100019454956, 0.9531999826431274]",1100516,87.9,0.3070152997970581,0.3101304769515991,0.006936404388397932,0.927255392074585,0.6929847002029419,0.3101304769515991,0.07274455577135086,0.9930636286735535,0.0,0.049444351345300674,0.12458471760797342,/kaggle/working/v32_npz/F1_0_42.npz,/kaggle/working/v32_checkpoints/F1_0_42.pt,2026-09-30T04:01:22
F1,0,2021-12-22,123,3932,704,602,0.9003322259136213,0.8960418714419003,0.8947257471742598,0.9948384969113961,1.0,1.0,1.0,1.0,8,0.933699,28ac5e8d918c,b5726f1a0d498224,"[1.0443999767303467, 0.9916999936103821, 1.045699954032898, 0.972100019454956, 0.9531999826431274]",1100516,87.9,0.16044747829437256,0.16901914775371552,0.00874421838670969,0.656029224395752,0.8395525813102722,0.16901913285255432,0.34397080540657043,0.9912557601928711,0.0,0.05374603718519211,0.11960132890365449,/kaggle/working/v32_npz/F1_0_123.npz,/kaggle/working/v32_checkpoints/F1_0_123.pt,2026-09-30T04:02:51
A,1,2021-12-31,42,2700,564,1974,0.7193515704154002,0.7301381292102358,0.7382203411701059,0.9423145338360509,0.7777777777777778,0.7866892911010559,0.7928571428571429,0.9643055555555555,6,0.963535,a2901c1c4c22,720c42d948aed91e,"[1.1180000305175781, 0.9524000287055969, 0.9944999814033508, 0.9423999786376953, 1.011199951171875]",1012358,37.7,,,,,,,,,,,,/kaggle/working/v32_npz/A_1_42.npz,/kaggle/working/v32_checkpoints/A_1_42.pt,2026-09-30T04:03:29
A,1,2021-12-31,123,2700,564,1974,0.7776089159067883,0.7857215374036217,0.7877235359071706,0.9552524328857596,0.8333333333333334,0.8360683760683761,0.8428571428571429,0.9732539682539683,4,0.960221,46398f58e902,720c42d948aed91e,"[1.1180000305175781, 0.9524000287055969, 0.9944999814033508, 0.9423999786376953, 1.011199951171875]",1012358,37.4,,,,,,,,,,,,/kaggle/working/v32_npz/A_1_123.npz,/kaggle/working/v32_checkpoints/A_1_123.pt,2026-09-30T04:04:06
I,1,2021-12-31,42,2700,564,1974,0.8586626139817629,0.856029354386758,0.8593195486869908,0.9799259978797782,0.9444444444444444,0.944132730015083,0.9464285714285715,1.0,20,0.961143,8d8a76eef845,720c42d948aed91e,"[1.1180000305175781, 0.9524000287055969, 0.9944999814033508, 0.9423999786376953, 1.011199951171875]",977350,43.3,,,,,,,,,,,,/kaggle/working/v32_npz/I_1_42.npz,/kaggle/working/v32_checkpoints/I_1_42.pt,2026-09-30T04:04:50
I,1,2021-12-31,123,2700,564,1974,0.9402228976697061,0.9386236793496796,0.9413453184470836,0.9954276455759812,1.0,1.0,1.0,1.0,13,0.961197,c76fb93d9bc1,720c42d948aed91e,"[1.1180000305175781, 0.9524000287055969, 0.9944999814033508, 0.9423999786376953, 1.011199951171875]",977350,43.4,,,,,,,,,,,,/kaggle/working/v32_npz/I_1_123.npz,/kaggle/working/v32_checkpoints/I_1_123.pt,2026-09-30T04:05:34
F1,1,2021-12-31,42,2700,564,1974,0.8525835866261399,0.8559060314138932,0.8615451228002261,0.9815261321820268,0.8888888888888888,0.8883333333333334,0.8928571428571429,0.99375,8,0.989552,ded781abc567,720c42d948aed91e,"[1.1180000305175781, 0.9524000287055969, 0.9944999814033508, 0.9423999786376953, 1.011199951171875]",1100516,65.2,0.9665685296058655,0.01622607745230198,0.9225014448165894,0.9785853624343872,0.033431511372327805,0.01622607745230198,0.02141460031270981,0.07749859988689423,0.0,0.00012203153892187402,0.0005065856129685917,/kaggle/working/v32_npz/F1_1_42.npz,/kaggle/working/v32_checkpoints/F1_1_42.pt,2026-09-30T04:06:40
F1,1,2021-12-31,123,2700,564,1974,0.8662613981762918,0.8678583081193947,0.8727915606803872,0.9706138817807048,0.8888888888888888,0.8883333333333334,0.8928571428571429,0.9964285714285716,16,0.986135,28ac5e8d918c,720c42d948aed91e,"[1.1180000305175781, 0.9524000287055969, 0.9944999814033508, 0.9423999786376953, 1.011199951171875]",1100516,64.9,0.3226161301136017,0.2746887803077698,0.010291826911270618,0.8792516589164734,0.6773838996887207,0.2746887803077698,0.12074829638004303,0.9897081851959229,0.0,0.08549036085605621,0.2127659574468085,/kaggle/working/v32_npz/F1_1_123.npz,/kaggle/working/v32_checkpoints/F1_1_123.pt,2026-09-30T04:07:45
A,2,2022-01-04,42,3680,621,937,0.7214514407684098,0.7368993623656475,0.7318244421589231,0.9342130375693735,0.7647058823529411,0.7933333333333333,0.8,0.95,13,0.958708,a2901c1c4c22,dd723497b43897b8,"[1.0713000297546387, 0.9327999949455261, 1.1358000040054321, 0.9363999962806702, 0.9557999968528748]",1012358,50.7,,,,,,,,,,,,/kaggle/working/v32_npz/A_2_42.npz,/kaggle/working/v32_checkpoints/A_2_42.pt,2026-09-30T04:08:36
A,2,2022-01-04,123,3680,621,937,0.7342582710779082,0.7515963702157512,0.746540341933849,0.9378472093054157,0.7647058823529411,0.7933333333333333,0.8,0.95,20,0.961172,46398f58e902,dd723497b43897b8,"[1.0713000297546387, 0.9327999949455261, 1.1358000040054321, 0.9363999962806702, 0.9557999968528748]",1012358,49.7,,,,,,,,,,,,/kaggle/working/v32_npz/A_2_123.npz,/kaggle/working/v32_checkpoints/A_2_123.pt,2026-09-30T04:09:26
I,2,2022-01-04,42,3680,621,937,0.8089647812166488,0.8179033453362162,0.8193661404999328,0.9725138162532518,0.8823529411764706,0.8933333333333333,0.9,0.9884615384615385,13,0.96095,8d8a76eef845,dd723497b43897b8,"[1.0713000297546387, 0.9327999949455261, 1.1358000040054321, 0.9363999962806702, 0.9557999968528748]",977350,56.1,,,,,,,,,,,,/kaggle/working/v32_npz/I_2_42.npz,/kaggle/working/v32_checkpoints/I_2_42.pt,2026-09-30T04:10:23
I,2,2022-01-04,123,3680,621,937,0.7940234791889007,0.7903466264921489,0.78826826871049,0.9625517683571545,0.8823529411764706,0.8933333333333333,0.9,0.976923076923077,8,0.942173,c76fb93d9bc1,dd723497b43897b8,"[1.0713000297546387, 0.9327999949455261, 1.1358000040054321, 0.9363999962806702, 0.9557999968528748]",977350,55.9,,,,,,,,,,,,/kaggle/working/v32_npz/I_2_123.npz,/kaggle/working/v32_checkpoints/I_2_123.pt,2026-09-30T04:11:19
F1,2,2022-01-04,42,3680,621,937,0.7972251867662753,0.8081435942727488,0.8014412198721101,0.9577668744104999,0.8235294117647058,0.8444444444444443,0.85,0.9692307692307693,14,0.985462,ded781abc567,dd723497b43897b8,"[1.0713000297546387, 0.9327999949455261, 1.1358000040054321, 0.9363999962806702, 0.9557999968528748]",1100516,83.7,0.052208565175533295,0.023464385420084,0.015446770936250687,0.1279131919145584,0.9477913975715637,0.02346438355743885,0.872086763381958,0.9845532178878784,0.0,0.00293482793495059,0.008537886872998933,/kaggle/working/v32_npz/F1_2_42.npz,/kaggle/working/v32_checkpoints/F1_2_42.pt,2026-09-30T04:12:43
F1,2,2022-01-04,123,3680,621,937,0.7641408751334045,0.7801144651749004,0.7753680931300213,0.9505747887510628,0.7647058823529411,0.7933333333333333,0.8,0.9576923076923076,18,0.965674,28ac5e8d918c,dd723497b43897b8,"[1.0713000297546387, 0.9327999949455261, 1.1358000040054321, 0.9363999962806702, 0.9557999968528748]",1100516,84.0,0.5633679032325745,0.341055303812027,0.021737774834036827,0.9379878044128418,0.43663209676742554,0.34105533361434937,0.06201213598251343,0.978262186050415,0.0,0.04752339795231819,0.11953041622198506,/kaggle/working/v32_npz/F1_2_123.npz,/kaggle/working/v32_checkpoints/F1_2_123.pt,2026-09-30T04:14:08
A,3,2022-01-05,42,3852,596,790,0.9367088607594937,0.9268561733192534,0.9304371103044617,0.9929710916750638,1.0,1.0,1.0,1.0,6,0.750536,a2901c1c4c22,5359d0c5720fd958,"[1.0911999940872192, 1.0096999406814575, 1.0096999406814575, 0.916100025177002, 0.9890000224113464]",1012358,50.8,,,,,,,,,,,,/kaggle/working/v32_npz/A_3_42.npz,/kaggle/working/v32_checkpoints/A_3_42.pt,2026-09-30T04:14:59
A,3,2022-01-05,123,3852,596,790,0.9240506329113924,0.9111638361638361,0.9179843513903121,0.9923877539537982,1.0,1.0,1.0,1.0,13,0.85833,46398f58e902,5359d0c5720fd958,"[1.0911999940872192, 1.0096999406814575, 1.0096999406814575, 0.916100025177002, 0.9890000224113464]",1012358,49.8,,,,,,,,,,,,/kaggle/working/v32_npz/A_3_123.npz,/kaggle/working/v32_checkpoints/A_3_123.pt,2026-09-30T04:15:49
I,3,2022-01-05,42,3852,596,790,0.8658227848101265,0.8432229714990644,0.8380011673808243,0.9812533013472262,1.0,1.0,1.0,1.0,5,0.879119,8d8a76eef845,5359d0c5720fd958,"[1.0911999940872192, 1.0096999406814575, 1.0096999406814575, 0.916100025177002, 0.9890000224113464]",977350,57.7,,,,,,,,,,,,/kaggle/working/v32_npz/I_3_42.npz,/kaggle/working/v32_checkpoints/I_3_42.pt,2026-09-30T04:16:47
I,3,2022-01-05,123,3852,596,790,0.9367088607594937,0.9281582972011357,0.9215730301534094,0.9943583629444179,1.0,1.0,1.0,1.0,7,0.948738,c76fb93d9bc1,5359d0c5720fd958,"[1.0911999940872192, 1.0096999406814575, 1.0096999406814575, 0.916100025177002, 0.9890000224113464]",977350,57.7,,,,,,,,,,,,/kaggle/working/v32_npz/I_3_123.npz,/kaggle/working/v32_checkpoints/I_3_123.pt,2026-09-30T04:17:45
F1,3,2022-01-05,42,3852,596,790,0.9645569620253165,0.9595440938524525,0.9675180627681191,0.9978081992235988,1.0,1.0,1.0,1.0,12,0.891777,ded781abc567,5359d0c5720fd958,"[1.0911999940872192, 1.0096999406814575, 1.0096999406814575, 0.916100025177002, 0.9890000224113464]",1100516,86.1,0.6285133361816406,0.34161075949668884,0.06770145148038864,0.9703648090362549,0.3714866638183594,0.34161072969436646,0.029635166749358177,0.9322985410690308,0.0,0.03742675110697746,0.08734177215189873,/kaggle/working/v32_npz/F1_3_42.npz,/kaggle/working/v32_checkpoints/F1_3_42.pt,2026-09-30T04:19:12
F1,3,2022-01-05,123,3852,596,790,0.9658227848101266,0.960573251416996,0.9585482856497759,0.9985614927306583,1.0,1.0,1.0,1.0,14,0.894489,28ac5e8d918c,5359d0c5720fd958,"[1.0911999940872192, 1.0096999406814575, 1.0096999406814575, 0.916100025177002, 0.9890000224113464]",1100516,85.9,0.45202919840812683,0.3927128314971924,0.00918380543589592,0.9468450546264648,0.5479708313941956,0.3927128314971924,0.05315496027469635,0.9908162355422974,0.0,0.023546941578388214,0.04810126582278481,/kaggle/working/v32_npz/F1_3_123.npz,/kaggle/working/v32_checkpoints/F1_3_123.pt,2026-09-30T04:20:38
A,4,2022-01-10,42,3678,625,935,0.7828877005347593,0.7851783347617995,0.8190746868592541,0.9727367949705785,0.8823529411764706,0.8933333333333333,0.9,0.9846153846153847,8,0.945145,a2901c1c4c22,a9b3c1d3fd502d2b,"[1.0644999742507935, 0.9729999899864197, 1.156599998474121, 0.9394999742507935, 0.9059000015258789]",1012358,48.4,,,,,,,,,,,,/kaggle/working/v32_npz/A_4_42.npz,/kaggle/working/v32_checkpoints/A_4_42.pt,2026-09-30T04:21:27
A,4,2022-01-10,123,3678,625,935,0.7561497326203208,0.7608786274133148,0.7955231531293774,0.9697728804877684,0.7647058823529411,0.7333333333333333,0.8,0.9846153846153847,16,0.944738,46398f58e902,a9b3c1d3fd502d2b,"[1.0644999742507935, 0.9729999899864197, 1.156599998474121, 0.9394999742507935, 0.9059000015258789]",1012358,49.8,,,,,,,,,,,,/kaggle/working/v32_npz/A_4_123.npz,/kaggle/working/v32_checkpoints/A_4_123.pt,2026-09-30T04:22:17
I,4,2022-01-10,42,3678,625,935,0.9048128342245989,0.9113325245057815,0.9152068438204812,0.988350333655091,1.0,1.0,1.0,1.0,16,0.94282,8d8a76eef845,a9b3c1d3fd502d2b,"[1.0644999742507935, 0.9729999899864197, 1.156599998474121, 0.9394999742507935, 0.9059000015258789]",977350,56.7,,,,,,,,,,,,/kaggle/working/v32_npz/I_4_42.npz,/kaggle/working/v32_checkpoints/I_4_42.pt,2026-09-30T04:23:14
I,4,2022-01-10,123,3678,625,935,0.8973262032085562,0.9034747240688346,0.9023127314705166,0.9848137186055335,1.0,1.0,1.0,1.0,8,0.946443,c76fb93d9bc1,a9b3c1d3fd502d2b,"[1.0644999742507935, 0.9729999899864197, 1.156599998474121, 0.9394999742507935, 0.9059000015258789]",977350,56.2,,,,,,,,,,,,/kaggle/working/v32_npz/I_4_123.npz,/kaggle/working/v32_checkpoints/I_4_123.pt,2026-09-30T04:24:11
F1,4,2022-01-10,42,3678,625,935,0.8213903743315508,0.8327738651981429,0.8509843378874926,0.9791858090365411,0.8235294117647058,0.8254545454545454,0.85,0.9846153846153847,8,0.96707,ded781abc567,a9b3c1d3fd502d2b,"[1.0644999742507935, 0.9729999899864197, 1.156599998474121, 0.9394999742507935, 0.9059000015258789]",1100516,83.7,0.2252049744129181,0.18519914150238037,0.060343485325574875,0.6108914017677307,0.7747950553894043,0.18519914150238037,0.3891085684299469,0.9396565556526184,0.0,0.010832379572093487,0.020320855614973262,/kaggle/working/v32_npz/F1_4_42.npz,/kaggle/working/v32_checkpoints/F1_4_42.pt,2026-09-30T04:25:35
F1,4,2022-01-10,123,3678,625,935,0.8032085561497326,0.8202793975055283,0.8316975070545485,0.9474832630009619,0.8823529411764706,0.8933333333333333,0.9,0.9846153846153847,14,0.966402,28ac5e8d918c,a9b3c1d3fd502d2b,"[1.0644999742507935, 0.9729999899864197, 1.156599998474121, 0.9394999742507935, 0.9059000015258789]",1100516,84.0,0.4052748382091522,0.34554311633110046,0.01753006875514984,0.9446463584899902,0.5947251319885254,0.34554311633110046,0.05535368621349335,0.982469916343689,0.0,0.026181701570749283,0.06417112299465241,/kaggle/working/v32_npz/F1_4_123.npz,/kaggle/working/v32_checkpoints/F1_4_123.pt,2026-09-30T04:27:00
