run,beta,seed,accuracy,macro_f1,balanced_accuracy,macro_auroc,best_val_macro_f1,best_epoch,n_test_windows,init_sha1,rng_sha1,lag_contrib_absmax_best,train_seconds,finished_at
1,0.0,42,0.9088495575221239,0.9057330017972403,0.9030033658152373,0.9891867537737307,0.901371,17,1130,a92fd4248184,5641b401720d,0.0,149.3,2026-09-26 09:29:55
2,1.0,42,0.9079646017699115,0.9047540152267212,0.9021819456831816,0.9893870482149347,0.902369,17,1130,a92fd4248184,5641b401720d,0.42617592215538025,180.1,2026-09-26 09:33:26
3,0.0,123,0.8876106194690265,0.8826825575079713,0.8790467961967972,0.9861866752615566,0.910875,20,1130,79ccb8c584b2,0a4b3be44b18,0.0,180.5,2026-09-26 09:38:27
4,1.0,123,0.8876106194690265,0.8818976370764308,0.8792660739142069,0.9861934451153728,0.909574,18,1130,79ccb8c584b2,0a4b3be44b18,0.23168042302131653,182.8,2026-09-26 09:43:20
5,0.0,2024,0.8805309734513275,0.8763643000413779,0.8715485268344848,0.9866949028732366,0.905107,12,1130,65bbf630aa7f,619c0e0a6b4d,0.0,271.0,2026-09-26 09:48:12
6,1.0,2024,0.8823008849557522,0.8783309161428443,0.8735423902699206,0.9866188498183659,0.905107,12,1130,65bbf630aa7f,619c0e0a6b4d,0.6771183609962463,179.7,2026-09-26 09:51:42
7,0.0,7,0.9061946902654867,0.9019350016739314,0.9008047135870789,0.9897455385676281,0.910129,14,1130,fee41e5f981e,9fdcf777d285,0.0,179.4,2026-09-26 09:56:32
8,1.0,7,0.9061946902654867,0.9020733412115728,0.900837257633763,0.9896494690372342,0.909955,14,1130,fee41e5f981e,9fdcf777d285,0.2886081039905548,239.1,2026-09-26 10:01:11
9,0.0,99,0.8690265486725663,0.8638026478536822,0.8598248510633313,0.9829841151452052,0.887375,16,1130,7e3cd71f848e,81dcd4638a88,0.0,220.2,2026-09-26 10:06:42
10,1.0,99,0.8725663716814159,0.8674825744048924,0.8645838727529759,0.9839860664815614,0.888404,20,1130,7e3cd71f848e,81dcd4638a88,0.3633767366409302,202.1,2026-09-26 10:10:35
